level_0,index,target,group,model,model_ligand,lddt_pli,lddt_pli_coverage,lddt_pli_reference_ligand,lddt_pli_unassigned,rmsd,lddt_lp,bb_rmsd,rmsd_coverage,rmsd_reference_ligand,rmsd_unassigned,lddt_lp_dimer,lddt_pli_dimer,gr_code
0,0.0,D1273,338,D1273LG338_3,model_tmp.sdf,0.1827702671289444,1.0,/local/CASP16-orig/TARGETS/Targets_ligand/D1273/D1273.sdf,,5.83245849609375,0.2919720186542305,6.921856880187988,1.0,/local/CASP16-orig/TARGETS/Targets_ligand/D1273/D1273.sdf,,,,GeneSilico - 338
1,1.0,D1273,294,D1273LG294_4,model_tmp.sdf,0.1635714322328567,1.0,/local/CASP16-orig/TARGETS/Targets_ligand/D1273/D1273.sdf,,7.624604225158691,0.3138907395069953,7.104759693145752,1.0,/local/CASP16-orig/TARGETS/Targets_ligand/D1273/D1273.sdf,,,,KiharaLab - 294
2,2.0,D1273,294,D1273LG294_1,model_tmp.sdf,0.1613667160272598,1.0,/local/CASP16-orig/TARGETS/Targets_ligand/D1273/D1273.sdf,,9.253408432006836,0.2769487008660892,7.38490629196167,1.0,/local/CASP16-orig/TARGETS/Targets_ligand/D1273/D1273.sdf,,,,KiharaLab - 294
3,3.0,D1273,294,D1273LG294_2,model_tmp.sdf,0.1543909311294555,1.0,/local/CASP16-orig/TARGETS/Targets_ligand/D1273/D1273.sdf,,8.129498481750488,0.3654230512991339,6.923060417175293,1.0,/local/CASP16-orig/TARGETS/Targets_ligand/D1273/D1273.sdf,,,,KiharaLab - 294
4,4.0,D1273,294,D1273LG294_3,model_tmp.sdf,0.1532042771577835,1.0,/local/CASP16-orig/TARGETS/Targets_ligand/D1273/D1273.sdf,,7.305310249328613,0.2913724183877415,7.815579414367676,1.0,/local/CASP16-orig/TARGETS/Targets_ligand/D1273/D1273.sdf,,,,KiharaLab - 294
5,5.0,D1273,262,D1273LG262_4,model_tmp.sdf,0.1486310362815857,1.0,/local/CASP16-orig/TARGETS/Targets_ligand/D1273/D1273.sdf,,6.617144107818604,0.254163890739507,7.61098051071167,1.0,/local/CASP16-orig/TARGETS/Targets_ligand/D1273/D1273.sdf,,,,CoDock - 262
6,6.0,D1273,262,D1273LG262_1,model_tmp.sdf,0.1393861919641494,1.0,/local/CASP16-orig/TARGETS/Targets_ligand/D1273/D1273.sdf,,7.161419868469238,0.2528980679546969,7.569218635559082,1.0,/local/CASP16-orig/TARGETS/Targets_ligand/D1273/D1273.sdf,,,,CoDock - 262
7,7.0,D1273,055,D1273LG055_5,model_tmp.sdf,0.1391478031873703,1.0,/local/CASP16-orig/TARGETS/Targets_ligand/D1273/D1273.sdf,,9.498469352722168,0.4195536309127248,5.3786725997924805,1.0,/local/CASP16-orig/TARGETS/Targets_ligand/D1273/D1273.sdf,,,,LCDD-team - 055
8,8.0,D1273,338,D1273LG338_2,model_tmp.sdf,0.1379126757383346,1.0,/local/CASP16-orig/TARGETS/Targets_ligand/D1273/D1273.sdf,,8.134750366210938,0.310126582278481,6.842523097991943,1.0,/local/CASP16-orig/TARGETS/Targets_ligand/D1273/D1273.sdf,,,,GeneSilico - 338
9,9.0,D1273,055,D1273LG055_3,model_tmp.sdf,0.1356852054595947,1.0,/local/CASP16-orig/TARGETS/Targets_ligand/D1273/D1273.sdf,,9.359664916992188,0.4195536309127248,5.3786725997924805,1.0,/local/CASP16-orig/TARGETS/Targets_ligand/D1273/D1273.sdf,,,,LCDD-team - 055
10,10.0,D1273,262,D1273LG262_2,model_tmp.sdf,0.1324097961187362,1.0,/local/CASP16-orig/TARGETS/Targets_ligand/D1273/D1273.sdf,,7.206972122192383,0.2521985343104597,7.575910091400146,1.0,/local/CASP16-orig/TARGETS/Targets_ligand/D1273/D1273.sdf,,,,CoDock - 262
11,11.0,D1273,338,D1273LG338_4,model_tmp.sdf,0.1272401362657547,1.0,/local/CASP16-orig/TARGETS/Targets_ligand/D1273/D1273.sdf,,8.611193656921387,0.4132245169886742,7.0963311195373535,1.0,/local/CASP16-orig/TARGETS/Targets_ligand/D1273/D1273.sdf,,,,GeneSilico - 338
12,12.0,D1273,055,D1273LG055_2,model_tmp.sdf,0.1184913218021392,1.0,/local/CASP16-orig/TARGETS/Targets_ligand/D1273/D1273.sdf,,10.109750747680664,0.4195536309127248,5.3786725997924805,1.0,/local/CASP16-orig/TARGETS/Targets_ligand/D1273/D1273.sdf,,,,LCDD-team - 055
13,13.0,D1273,055,D1273LG055_4,model_tmp.sdf,0.1165994629263877,1.0,/local/CASP16-orig/TARGETS/Targets_ligand/D1273/D1273.sdf,,10.080626487731934,0.4195536309127248,5.3786725997924805,1.0,/local/CASP16-orig/TARGETS/Targets_ligand/D1273/D1273.sdf,,,,LCDD-team - 055
14,14.0,D1273,338,D1273LG338_1,model_tmp.sdf,0.1150217726826667,1.0,/local/CASP16-orig/TARGETS/Targets_ligand/D1273/D1273.sdf,,9.222756385803224,0.3798467688207861,7.685048580169678,1.0,/local/CASP16-orig/TARGETS/Targets_ligand/D1273/D1273.sdf,,,,GeneSilico - 338
15,15.0,D1273,262,D1273LG262_3,model_tmp.sdf,0.1115131601691246,1.0,/local/CASP16-orig/TARGETS/Targets_ligand/D1273/D1273.sdf,,9.738336563110352,0.2620586275816122,7.6709885597229,1.0,/local/CASP16-orig/TARGETS/Targets_ligand/D1273/D1273.sdf,,,,CoDock - 262
16,16.0,D1273,055,D1273LG055_1,model_tmp.sdf,0.1099081337451934,1.0,/local/CASP16-orig/TARGETS/Targets_ligand/D1273/D1273.sdf,,10.202868461608888,0.4195536309127248,5.3786725997924805,1.0,/local/CASP16-orig/TARGETS/Targets_ligand/D1273/D1273.sdf,,,,LCDD-team - 055
17,17.0,D1273,338,D1273LG338_5,model_tmp.sdf,0.0599455051124095,1.0,/local/CASP16-orig/TARGETS/Targets_ligand/D1273/D1273.sdf,,9.26378059387207,0.3913057961359094,7.956410884857178,1.0,/local/CASP16-orig/TARGETS/Targets_ligand/D1273/D1273.sdf,,,,GeneSilico - 338
18,18.0,D1273,262,D1273LG262_5,model_tmp.sdf,0.0553735271096229,1.0,/local/CASP16-orig/TARGETS/Targets_ligand/D1273/D1273.sdf,,11.978900909423828,0.3401399067288474,7.57027006149292,1.0,/local/CASP16-orig/TARGETS/Targets_ligand/D1273/D1273.sdf,,,,CoDock - 262
19,19.0,D1273,294,D1273LG294_5,model_tmp.sdf,0.0269028879702091,1.0,/local/CASP16-orig/TARGETS/Targets_ligand/D1273/D1273.sdf,,15.398700714111328,0.3400732844770153,7.293102741241455,1.0,/local/CASP16-orig/TARGETS/Targets_ligand/D1273/D1273.sdf,,,,KiharaLab - 294
20,20.0,D1273,091,D1273LG091_1,model_tmp.sdf,0.0209320690482854,1.0,/local/CASP16-orig/TARGETS/Targets_ligand/D1273/D1273.sdf,,26.242799758911133,0.1924050632911392,15.278213500976562,1.0,/local/CASP16-orig/TARGETS/Targets_ligand/D1273/D1273.sdf,,,,Huang-HUST - 091
21,21.0,D1273,091,D1273LG091_2,model_tmp.sdf,0.0209320690482854,1.0,/local/CASP16-orig/TARGETS/Targets_ligand/D1273/D1273.sdf,,26.242799758911133,0.1924050632911392,15.278213500976562,1.0,/local/CASP16-orig/TARGETS/Targets_ligand/D1273/D1273.sdf,,,,Huang-HUST - 091
22,22.0,D1273,091,D1273LG091_3,model_tmp.sdf,0.0209320690482854,1.0,/local/CASP16-orig/TARGETS/Targets_ligand/D1273/D1273.sdf,,26.242799758911133,0.1924050632911392,15.278213500976562,1.0,/local/CASP16-orig/TARGETS/Targets_ligand/D1273/D1273.sdf,,,,Huang-HUST - 091
23,23.0,D1273,207,D1273LG207_2,model_tmp.sdf,0.0195800233632326,1.0,/local/CASP16-orig/TARGETS/Targets_ligand/D1273/D1273.sdf,,7.809220790863037,0.2239840106595603,7.597577095031738,1.0,/local/CASP16-orig/TARGETS/Targets_ligand/D1273/D1273.sdf,,,,MULTICOM_ligand - 207
24,24.0,D1273,207,D1273LG207_1,model_tmp.sdf,0.0035842293873429,1.0,/local/CASP16-orig/TARGETS/Targets_ligand/D1273/D1273.sdf,,14.003031730651855,0.1801798800799467,14.760336875915527,1.0,/local/CASP16-orig/TARGETS/Targets_ligand/D1273/D1273.sdf,,,,MULTICOM_ligand - 207
25,25.0,D1273,091,D1273LG091_4,model_tmp.sdf,0.0,1.0,/local/CASP16-orig/TARGETS/Targets_ligand/D1273/D1273.sdf,,43.810302734375,0.1950699533644237,15.257645606994627,1.0,/local/CASP16-orig/TARGETS/Targets_ligand/D1273/D1273.sdf,,,,Huang-HUST - 091
26,26.0,D1273,091,D1273LG091_5,model_tmp.sdf,0.0,1.0,/local/CASP16-orig/TARGETS/Targets_ligand/D1273/D1273.sdf,,,,,,,model_representation,,,Huang-HUST - 091
27,27.0,D1273,408,D1273LG408_4,model_tmp.sdf,0.0,1.0,/local/CASP16-orig/TARGETS/Targets_ligand/D1273/D1273.sdf,,19.6866397857666,0.2432045303131245,6.768969535827637,1.0,/local/CASP16-orig/TARGETS/Targets_ligand/D1273/D1273.sdf,,,,SNU-CHEM-lig - 408
28,28.0,D1273,408,D1273LG408_5,model_tmp.sdf,0.0,1.0,/local/CASP16-orig/TARGETS/Targets_ligand/D1273/D1273.sdf,,17.33188247680664,0.2432045303131245,6.768969535827637,1.0,/local/CASP16-orig/TARGETS/Targets_ligand/D1273/D1273.sdf,,,,SNU-CHEM-lig - 408
29,29.0,D1273,464,D1273LG464_1,model_tmp.sdf,0.0,1.0,/local/CASP16-orig/TARGETS/Targets_ligand/D1273/D1273.sdf,,,,,,,model_representation,,,PocketTracer - 464
30,30.0,D1273,464,D1273LG464_2,model_tmp.sdf,0.0,1.0,/local/CASP16-orig/TARGETS/Targets_ligand/D1273/D1273.sdf,,,,,,,model_representation,,,PocketTracer - 464
31,31.0,D1273,464,D1273LG464_3,model_tmp.sdf,0.0,1.0,/local/CASP16-orig/TARGETS/Targets_ligand/D1273/D1273.sdf,,,,,,,model_representation,,,PocketTracer - 464
32,32.0,D1273,464,D1273LG464_4,model_tmp.sdf,0.0,1.0,/local/CASP16-orig/TARGETS/Targets_ligand/D1273/D1273.sdf,,,,,,,model_representation,,,PocketTracer - 464
33,33.0,D1273,464,D1273LG464_5,model_tmp.sdf,0.0,1.0,/local/CASP16-orig/TARGETS/Targets_ligand/D1273/D1273.sdf,,,,,,,model_representation,,,PocketTracer - 464
34,0.0,R1288,408,R1288LG408_2,model_tmp.sdf,0.1599669605493545,1.0,/local/CASP16-orig/TARGETS/Targets_ligand/R1288/R1288.sdf,,4.788349628448486,0.2661846741045214,8.5772066116333,1.0,/local/CASP16-orig/TARGETS/Targets_ligand/R1288/R1288.sdf,,,,SNU-CHEM-lig - 408
35,1.0,R1288,063,R1288LG063_1,model_tmp.sdf,0.1355748325586319,1.0,/local/CASP16-orig/TARGETS/Targets_ligand/R1288/R1288.sdf,,11.247605323791504,0.2787727539635936,6.145463943481445,1.0,/local/CASP16-orig/TARGETS/Targets_ligand/R1288/R1288.sdf,,,,RNApolis - 063
36,2.0,R1288,272,R1288LG272_1,model_tmp.sdf,0.133351594209671,1.0,/local/CASP16-orig/TARGETS/Targets_ligand/R1288/R1288.sdf,,5.972159385681152,0.4142322372284204,5.692957878112793,1.0,/local/CASP16-orig/TARGETS/Targets_ligand/R1288/R1288.sdf,,,,GromihaLab - 272
37,3.0,R1288,063,R1288LG063_3,model_tmp.sdf,0.1323529481887817,1.0,/local/CASP16-orig/TARGETS/Targets_ligand/R1288/R1288.sdf,,11.499921798706056,0.3027745155607751,5.8712239265441895,1.0,/local/CASP16-orig/TARGETS/Targets_ligand/R1288/R1288.sdf,,,,RNApolis - 063
38,4.0,R1288,063,R1288LG063_5,model_tmp.sdf,0.1315483152866363,1.0,/local/CASP16-orig/TARGETS/Targets_ligand/R1288/R1288.sdf,,11.532496452331545,0.2882413388138579,5.879421234130859,1.0,/local/CASP16-orig/TARGETS/Targets_ligand/R1288/R1288.sdf,,,,RNApolis - 063
39,5.0,R1288,063,R1288LG063_4,model_tmp.sdf,0.1309794932603836,1.0,/local/CASP16-orig/TARGETS/Targets_ligand/R1288/R1288.sdf,,11.192011833190918,0.2861127422196124,6.385708808898926,1.0,/local/CASP16-orig/TARGETS/Targets_ligand/R1288/R1288.sdf,,,,RNApolis - 063
40,6.0,R1288,408,R1288LG408_3,model_tmp.sdf,0.1294117718935012,1.0,/local/CASP16-orig/TARGETS/Targets_ligand/R1288/R1288.sdf,,4.28008508682251,0.2661846741045214,8.5772066116333,1.0,/local/CASP16-orig/TARGETS/Targets_ligand/R1288/R1288.sdf,,,,SNU-CHEM-lig - 408
41,7.0,R1288,063,R1288LG063_2,model_tmp.sdf,0.1289414465427398,1.0,/local/CASP16-orig/TARGETS/Targets_ligand/R1288/R1288.sdf,,11.524106979370115,0.3035819142689371,6.077284336090088,1.0,/local/CASP16-orig/TARGETS/Targets_ligand/R1288/R1288.sdf,,,,RNApolis - 063
42,8.0,R1288,055,R1288LG055_3,model_tmp.sdf,0.1252880245447158,1.0,/local/CASP16-orig/TARGETS/Targets_ligand/R1288/R1288.sdf,,8.049413681030273,0.3177113916617733,8.850449562072754,1.0,/local/CASP16-orig/TARGETS/Targets_ligand/R1288/R1288.sdf,,,,LCDD-team - 055
43,9.0,R1288,207,R1288LG207_1,model_tmp.sdf,0.1220752820372581,1.0,/local/CASP16-orig/TARGETS/Targets_ligand/R1288/R1288.sdf,,7.139534950256348,0.3951482677627715,7.247711181640625,1.0,/local/CASP16-orig/TARGETS/Targets_ligand/R1288/R1288.sdf,,,,MULTICOM_ligand - 207
44,10.0,R1288,091,R1288LG091_1,model_tmp.sdf,0.1165929213166236,1.0,/local/CASP16-orig/TARGETS/Targets_ligand/R1288/R1288.sdf,,8.68826675415039,0.416801233118027,6.163207530975342,1.0,/local/CASP16-orig/TARGETS/Targets_ligand/R1288/R1288.sdf,,,,Huang-HUST - 091
45,11.0,R1288,055,R1288LG055_1,model_tmp.sdf,0.1012323945760726,1.0,/local/CASP16-orig/TARGETS/Targets_ligand/R1288/R1288.sdf,,7.932799339294434,0.3346667645331767,8.870874404907227,1.0,/local/CASP16-orig/TARGETS/Targets_ligand/R1288/R1288.sdf,,,,LCDD-team - 055
46,12.0,R1288,055,R1288LG055_4,model_tmp.sdf,0.0936482101678848,1.0,/local/CASP16-orig/TARGETS/Targets_ligand/R1288/R1288.sdf,,8.768522262573242,0.3215648854961832,7.916919708251953,1.0,/local/CASP16-orig/TARGETS/Targets_ligand/R1288/R1288.sdf,,,,LCDD-team - 055
47,13.0,R1288,262,R1288LG262_4,model_tmp.sdf,0.09113060683012,1.0,/local/CASP16-orig/TARGETS/Targets_ligand/R1288/R1288.sdf,,8.778017044067383,0.2846814445096888,8.120858192443848,1.0,/local/CASP16-orig/TARGETS/Targets_ligand/R1288/R1288.sdf,,,,CoDock - 262
48,14.0,R1288,408,R1288LG408_4,model_tmp.sdf,0.0865265727043151,1.0,/local/CASP16-orig/TARGETS/Targets_ligand/R1288/R1288.sdf,,5.583987712860107,0.2661846741045214,8.5772066116333,1.0,/local/CASP16-orig/TARGETS/Targets_ligand/R1288/R1288.sdf,,,,SNU-CHEM-lig - 408
49,15.0,R1288,262,R1288LG262_1,model_tmp.sdf,0.0799031481146812,1.0,/local/CASP16-orig/TARGETS/Targets_ligand/R1288/R1288.sdf,,5.175059795379639,0.270331767469172,8.36341381072998,1.0,/local/CASP16-orig/TARGETS/Targets_ligand/R1288/R1288.sdf,,,,CoDock - 262
50,16.0,R1288,262,R1288LG262_5,model_tmp.sdf,0.0799031481146812,1.0,/local/CASP16-orig/TARGETS/Targets_ligand/R1288/R1288.sdf,,5.175059795379639,0.270331767469172,8.36341381072998,1.0,/local/CASP16-orig/TARGETS/Targets_ligand/R1288/R1288.sdf,,,,CoDock - 262
51,17.0,R1288,338,R1288LG338_5,model_tmp.sdf,0.0788770020008087,1.0,/local/CASP16-orig/TARGETS/Targets_ligand/R1288/R1288.sdf,,10.087718963623049,0.2538901937756899,8.788926124572754,1.0,/local/CASP16-orig/TARGETS/Targets_ligand/R1288/R1288.sdf,,,,GeneSilico - 338
52,18.0,R1288,338,R1288LG338_4,model_tmp.sdf,0.0766050592064857,1.0,/local/CASP16-orig/TARGETS/Targets_ligand/R1288/R1288.sdf,,9.243392944335938,0.4181224310041104,5.440454959869385,1.0,/local/CASP16-orig/TARGETS/Targets_ligand/R1288/R1288.sdf,,,,GeneSilico - 338
53,19.0,R1288,294,R1288LG294_2,model_tmp.sdf,0.0760517790913581,1.0,/local/CASP16-orig/TARGETS/Targets_ligand/R1288/R1288.sdf,,6.426044464111328,0.2858925425719318,8.187795639038086,1.0,/local/CASP16-orig/TARGETS/Targets_ligand/R1288/R1288.sdf,,,,KiharaLab - 294
54,20.0,R1288,464,R1288LG464_2,model_tmp.sdf,0.0693116635084152,1.0,/local/CASP16-orig/TARGETS/Targets_ligand/R1288/R1288.sdf,,15.778247833251951,0.330482971227246,8.318346977233887,1.0,/local/CASP16-orig/TARGETS/Targets_ligand/R1288/R1288.sdf,,,,PocketTracer - 464
55,21.0,R1288,464,R1288LG464_4,model_tmp.sdf,0.0641962438821792,1.0,/local/CASP16-orig/TARGETS/Targets_ligand/R1288/R1288.sdf,,16.82168197631836,0.330482971227246,8.318346977233887,1.0,/local/CASP16-orig/TARGETS/Targets_ligand/R1288/R1288.sdf,,,,PocketTracer - 464
56,22.0,R1288,294,R1288LG294_5,model_tmp.sdf,0.0641163811087608,1.0,/local/CASP16-orig/TARGETS/Targets_ligand/R1288/R1288.sdf,,10.275111198425291,0.2868834409864944,7.985454559326172,1.0,/local/CASP16-orig/TARGETS/Targets_ligand/R1288/R1288.sdf,,,,KiharaLab - 294
57,23.0,R1288,262,R1288LG262_2,model_tmp.sdf,0.061824731528759,1.0,/local/CASP16-orig/TARGETS/Targets_ligand/R1288/R1288.sdf,,6.398446083068848,0.301196418085731,8.358499526977539,1.0,/local/CASP16-orig/TARGETS/Targets_ligand/R1288/R1288.sdf,,,,CoDock - 262
58,24.0,R1288,294,R1288LG294_3,model_tmp.sdf,0.0588235296308994,1.0,/local/CASP16-orig/TARGETS/Targets_ligand/R1288/R1288.sdf,,5.458125114440918,0.2860026423957721,8.022481918334961,1.0,/local/CASP16-orig/TARGETS/Targets_ligand/R1288/R1288.sdf,,,,KiharaLab - 294
59,25.0,R1288,338,R1288LG338_2,model_tmp.sdf,0.0565543062984943,1.0,/local/CASP16-orig/TARGETS/Targets_ligand/R1288/R1288.sdf,,9.150551795959473,0.3962859659424544,5.058813571929932,1.0,/local/CASP16-orig/TARGETS/Targets_ligand/R1288/R1288.sdf,,,,GeneSilico - 338
60,26.0,R1288,408,R1288LG408_1,model_tmp.sdf,0.0552256517112255,1.0,/local/CASP16-orig/TARGETS/Targets_ligand/R1288/R1288.sdf,,6.997516632080078,0.2661846741045214,8.5772066116333,1.0,/local/CASP16-orig/TARGETS/Targets_ligand/R1288/R1288.sdf,,,,SNU-CHEM-lig - 408
61,27.0,R1288,091,R1288LG091_5,model_tmp.sdf,0.0498633868992328,1.0,/local/CASP16-orig/TARGETS/Targets_ligand/R1288/R1288.sdf,,14.32571029663086,0.4133147386964181,7.615485668182373,1.0,/local/CASP16-orig/TARGETS/Targets_ligand/R1288/R1288.sdf,,,,Huang-HUST - 091
62,28.0,R1288,055,R1288LG055_5,model_tmp.sdf,0.0456549115478992,1.0,/local/CASP16-orig/TARGETS/Targets_ligand/R1288/R1288.sdf,,7.723368167877197,0.317601291837933,8.372841835021973,1.0,/local/CASP16-orig/TARGETS/Targets_ligand/R1288/R1288.sdf,,,,LCDD-team - 055
63,29.0,R1288,262,R1288LG262_3,model_tmp.sdf,0.0417376495897769,1.0,/local/CASP16-orig/TARGETS/Targets_ligand/R1288/R1288.sdf,,7.984116077423096,0.2846814445096888,8.120858192443848,1.0,/local/CASP16-orig/TARGETS/Targets_ligand/R1288/R1288.sdf,,,,CoDock - 262
64,30.0,R1288,338,R1288LG338_3,model_tmp.sdf,0.0409747287631034,1.0,/local/CASP16-orig/TARGETS/Targets_ligand/R1288/R1288.sdf,,9.750458717346191,0.4107090428655314,5.924865245819092,1.0,/local/CASP16-orig/TARGETS/Targets_ligand/R1288/R1288.sdf,,,,GeneSilico - 338
65,31.0,R1288,294,R1288LG294_4,model_tmp.sdf,0.0385181568562984,1.0,/local/CASP16-orig/TARGETS/Targets_ligand/R1288/R1288.sdf,,6.619736194610596,0.2829932472108045,8.532926559448242,1.0,/local/CASP16-orig/TARGETS/Targets_ligand/R1288/R1288.sdf,,,,KiharaLab - 294
66,32.0,R1288,294,R1288LG294_1,model_tmp.sdf,0.03851118683815,1.0,/local/CASP16-orig/TARGETS/Targets_ligand/R1288/R1288.sdf,,9.941032409667969,0.2829932472108045,8.532926559448242,1.0,/local/CASP16-orig/TARGETS/Targets_ligand/R1288/R1288.sdf,,,,KiharaLab - 294
67,33.0,R1288,091,R1288LG091_3,model_tmp.sdf,0.0367268025875091,1.0,/local/CASP16-orig/TARGETS/Targets_ligand/R1288/R1288.sdf,,10.4485502243042,0.4034424544920728,5.766402244567871,1.0,/local/CASP16-orig/TARGETS/Targets_ligand/R1288/R1288.sdf,,,,Huang-HUST - 091
68,34.0,R1288,338,R1288LG338_1,model_tmp.sdf,0.0348247215151786,1.0,/local/CASP16-orig/TARGETS/Targets_ligand/R1288/R1288.sdf,,9.492311477661133,0.4483264826776277,5.208192825317383,1.0,/local/CASP16-orig/TARGETS/Targets_ligand/R1288/R1288.sdf,,,,GeneSilico - 338
69,35.0,R1288,207,R1288LG207_2,model_tmp.sdf,0.0347639471292495,1.0,/local/CASP16-orig/TARGETS/Targets_ligand/R1288/R1288.sdf,,12.528078079223633,0.4078831473869642,6.257774829864502,1.0,/local/CASP16-orig/TARGETS/Targets_ligand/R1288/R1288.sdf,,,,MULTICOM_ligand - 207
70,36.0,R1288,408,R1288LG408_5,model_tmp.sdf,0.0333511196076869,1.0,/local/CASP16-orig/TARGETS/Targets_ligand/R1288/R1288.sdf,,7.063853740692139,0.2661846741045214,8.5772066116333,1.0,/local/CASP16-orig/TARGETS/Targets_ligand/R1288/R1288.sdf,,,,SNU-CHEM-lig - 408
71,37.0,R1288,091,R1288LG091_2,model_tmp.sdf,0.0308848079293966,1.0,/local/CASP16-orig/TARGETS/Targets_ligand/R1288/R1288.sdf,,15.05020809173584,0.4034424544920728,5.766402244567871,1.0,/local/CASP16-orig/TARGETS/Targets_ligand/R1288/R1288.sdf,,,,Huang-HUST - 091
72,38.0,R1288,464,R1288LG464_5,model_tmp.sdf,0.0280952379107475,1.0,/local/CASP16-orig/TARGETS/Targets_ligand/R1288/R1288.sdf,,18.412294387817383,0.330482971227246,8.318346977233887,1.0,/local/CASP16-orig/TARGETS/Targets_ligand/R1288/R1288.sdf,,,,PocketTracer - 464
73,39.0,R1288,464,R1288LG464_3,model_tmp.sdf,0.0189655181020498,1.0,/local/CASP16-orig/TARGETS/Targets_ligand/R1288/R1288.sdf,,19.149377822875977,0.330482971227246,8.318346977233887,1.0,/local/CASP16-orig/TARGETS/Targets_ligand/R1288/R1288.sdf,,,,PocketTracer - 464
74,40.0,R1288,091,R1288LG091_4,model_tmp.sdf,0.0180520564317703,1.0,/local/CASP16-orig/TARGETS/Targets_ligand/R1288/R1288.sdf,,16.858476638793945,0.4263065179095713,5.9703474044799805,1.0,/local/CASP16-orig/TARGETS/Targets_ligand/R1288/R1288.sdf,,,,Huang-HUST - 091
75,41.0,R1288,055,R1288LG055_2,model_tmp.sdf,0.0125266527757048,1.0,/local/CASP16-orig/TARGETS/Targets_ligand/R1288/R1288.sdf,,12.625746726989746,0.298847621843805,7.953707695007324,1.0,/local/CASP16-orig/TARGETS/Targets_ligand/R1288/R1288.sdf,,,,LCDD-team - 055
76,42.0,R1288,464,R1288LG464_1,model_tmp.sdf,0.0112781953066587,1.0,/local/CASP16-orig/TARGETS/Targets_ligand/R1288/R1288.sdf,,18.84764671325684,0.330482971227246,8.318346977233887,1.0,/local/CASP16-orig/TARGETS/Targets_ligand/R1288/R1288.sdf,,,,PocketTracer - 464
77,43.0,R1288,272,R1288LG272_4,model_tmp.sdf,0.0078633408993482,1.0,/local/CASP16-orig/TARGETS/Targets_ligand/R1288/R1288.sdf,,18.88532257080078,0.3922856723429243,6.475025653839111,1.0,/local/CASP16-orig/TARGETS/Targets_ligand/R1288/R1288.sdf,,,,GromihaLab - 272
78,44.0,R1288,272,R1288LG272_3,model_tmp.sdf,0.0002896871301345,1.0,/local/CASP16-orig/TARGETS/Targets_ligand/R1288/R1288.sdf,,21.67411994934082,0.396873165002936,6.380640983581543,1.0,/local/CASP16-orig/TARGETS/Targets_ligand/R1288/R1288.sdf,,,,GromihaLab - 272
79,45.0,R1288,272,R1288LG272_2,model_tmp.sdf,0.0,1.0,/local/CASP16-orig/TARGETS/Targets_ligand/R1288/R1288.sdf,,22.276790618896484,0.3962125660598943,6.685305118560791,1.0,/local/CASP16-orig/TARGETS/Targets_ligand/R1288/R1288.sdf,,,,GromihaLab - 272
80,46.0,R1288,272,R1288LG272_5,model_tmp.sdf,0.0,1.0,/local/CASP16-orig/TARGETS/Targets_ligand/R1288/R1288.sdf,,28.835044860839844,0.3096741045214328,8.334571838378906,1.0,/local/CASP16-orig/TARGETS/Targets_ligand/R1288/R1288.sdf,,,,GromihaLab - 272
81,0.0,R1261,055,R1261v1LG055_1,model_tmp.sdf,0.8219354748725891,1.0,/local/CASP16-orig/TARGETS/Targets_ligand/incidental/R1261/R1261.sdf,,1.676760196685791,0.8503662278531129,0.6179118752479553,1.0,/local/CASP16-orig/TARGETS/Targets_ligand/incidental/R1261/R1261.sdf,,,,LCDD-team - 055
82,1.0,R1261,055,R1261v1LG055_2,model_tmp.sdf,0.8179209232330322,1.0,/local/CASP16-orig/TARGETS/Targets_ligand/incidental/R1261/R1261.sdf,,1.533407211303711,0.8503662278531129,0.6179118752479553,1.0,/local/CASP16-orig/TARGETS/Targets_ligand/incidental/R1261/R1261.sdf,,,,LCDD-team - 055
83,2.0,R1261,055,R1261v1LG055_3,model_tmp.sdf,0.3207497298717499,1.0,/local/CASP16-orig/TARGETS/Targets_ligand/incidental/R1261/R1261.sdf,,5.407755374908447,0.8503662278531129,0.6179118752479553,1.0,/local/CASP16-orig/TARGETS/Targets_ligand/incidental/R1261/R1261.sdf,,,,LCDD-team - 055
84,3.0,R1261,055,R1261v1LG055_4,model_tmp.sdf,0.7157142758369446,1.0,/local/CASP16-orig/TARGETS/Targets_ligand/incidental/R1261/R1261.sdf,,1.7034298181533811,0.7736068494506583,1.1581034660339355,1.0,/local/CASP16-orig/TARGETS/Targets_ligand/incidental/R1261/R1261.sdf,,,,LCDD-team - 055
85,4.0,R1261,055,R1261v1LG055_5,model_tmp.sdf,0.7224909067153931,1.0,/local/CASP16-orig/TARGETS/Targets_ligand/incidental/R1261/R1261.sdf,,1.7819058895111084,0.8150301890527566,0.6071272492408752,1.0,/local/CASP16-orig/TARGETS/Targets_ligand/incidental/R1261/R1261.sdf,,,,LCDD-team - 055
86,5.0,R1261,063,R1261v1LG063_1,model_tmp.sdf,0.6850461959838867,1.0,/local/CASP16-orig/TARGETS/Targets_ligand/incidental/R1261/R1261.sdf,,2.900994062423706,0.8599178461843017,0.7237275838851929,1.0,/local/CASP16-orig/TARGETS/Targets_ligand/incidental/R1261/R1261.sdf,,,,RNApolis - 063
87,6.0,R1261,063,R1261v1LG063_2,model_tmp.sdf,0.4630614519119262,1.0,/local/CASP16-orig/TARGETS/Targets_ligand/incidental/R1261/R1261.sdf,,2.2372446060180664,0.495768583589033,2.052120447158813,1.0,/local/CASP16-orig/TARGETS/Targets_ligand/incidental/R1261/R1261.sdf,,,,RNApolis - 063
88,7.0,R1261,063,R1261v1LG063_3,model_tmp.sdf,0.6897450685501099,1.0,/local/CASP16-orig/TARGETS/Targets_ligand/incidental/R1261/R1261.sdf,,2.896647930145264,0.8625160843313867,0.709195613861084,1.0,/local/CASP16-orig/TARGETS/Targets_ligand/incidental/R1261/R1261.sdf,,,,RNApolis - 063
89,8.0,R1261,063,R1261v1LG063_4,model_tmp.sdf,0.6409714818000793,1.0,/local/CASP16-orig/TARGETS/Targets_ligand/incidental/R1261/R1261.sdf,,1.3773599863052368,0.5969761456992972,1.19376540184021,1.0,/local/CASP16-orig/TARGETS/Targets_ligand/incidental/R1261/R1261.sdf,,,,RNApolis - 063
90,9.0,R1261,063,R1261v1LG063_5,model_tmp.sdf,0.693473219871521,1.0,/local/CASP16-orig/TARGETS/Targets_ligand/incidental/R1261/R1261.sdf,,2.885863780975342,0.8653865188557854,0.6888028383255005,1.0,/local/CASP16-orig/TARGETS/Targets_ligand/incidental/R1261/R1261.sdf,,,,RNApolis - 063
91,10.0,R1261,091,R1261v1LG091_1,model_tmp.sdf,0.9004660248756409,1.0,/local/CASP16-orig/TARGETS/Targets_ligand/incidental/R1261/R1261.sdf,,0.7920650243759155,0.895699297238444,0.5416233539581299,1.0,/local/CASP16-orig/TARGETS/Targets_ligand/incidental/R1261/R1261.sdf,,,,Huang-HUST - 091
92,11.0,R1261,091,R1261v1LG091_2,model_tmp.sdf,0.8802083134651184,1.0,/local/CASP16-orig/TARGETS/Targets_ligand/incidental/R1261/R1261.sdf,,1.021843194961548,0.895699297238444,0.5416233539581299,1.0,/local/CASP16-orig/TARGETS/Targets_ligand/incidental/R1261/R1261.sdf,,,,Huang-HUST - 091
93,12.0,R1261,091,R1261v1LG091_3,model_tmp.sdf,0.8807277679443359,1.0,/local/CASP16-orig/TARGETS/Targets_ligand/incidental/R1261/R1261.sdf,,1.1601208448410034,0.8388349995050975,0.762436032295227,1.0,/local/CASP16-orig/TARGETS/Targets_ligand/incidental/R1261/R1261.sdf,,,,Huang-HUST - 091
94,13.0,R1261,091,R1261v1LG091_4,model_tmp.sdf,0.8604575395584106,1.0,/local/CASP16-orig/TARGETS/Targets_ligand/incidental/R1261/R1261.sdf,,1.0976154804229736,0.8388349995050975,0.762436032295227,1.0,/local/CASP16-orig/TARGETS/Targets_ligand/incidental/R1261/R1261.sdf,,,,Huang-HUST - 091
95,14.0,R1261,091,R1261v1LG091_5,model_tmp.sdf,0.8864829540252686,1.0,/local/CASP16-orig/TARGETS/Targets_ligand/incidental/R1261/R1261.sdf,,0.8389000296592712,0.8690982876373354,0.6225043535232544,1.0,/local/CASP16-orig/TARGETS/Targets_ligand/incidental/R1261/R1261.sdf,,,,Huang-HUST - 091
96,15.0,R1261,207,R1261v1LG207_1,model_tmp.sdf,0.0059006209485232,1.0,/local/CASP16-orig/TARGETS/Targets_ligand/incidental/R1261/R1261.sdf,,15.8046236038208,0.6573295060873008,1.8562700748443604,1.0,/local/CASP16-orig/TARGETS/Targets_ligand/incidental/R1261/R1261.sdf,,,,MULTICOM_ligand - 207
97,16.0,R1261,207,R1261v1LG207_2,model_tmp.sdf,0.2619179487228393,1.0,/local/CASP16-orig/TARGETS/Targets_ligand/incidental/R1261/R1261.sdf,,9.778806686401367,0.2743986934573889,11.704390525817873,1.0,/local/CASP16-orig/TARGETS/Targets_ligand/incidental/R1261/R1261.sdf,,,,MULTICOM_ligand - 207
98,17.0,R1261,262,R1261v1LG262_1,model_tmp.sdf,0.9182077050209044,1.0,/local/CASP16-orig/TARGETS/Targets_ligand/incidental/R1261/R1261.sdf,,0.8410612940788269,0.9125507275066812,0.4642905592918396,1.0,/local/CASP16-orig/TARGETS/Targets_ligand/incidental/R1261/R1261.sdf,,,,CoDock - 262
99,18.0,R1261,262,R1261v1LG262_2,model_tmp.sdf,0.8911347389221191,1.0,/local/CASP16-orig/TARGETS/Targets_ligand/incidental/R1261/R1261.sdf,,0.756523609161377,0.8745917054340295,0.5110275745391846,1.0,/local/CASP16-orig/TARGETS/Targets_ligand/incidental/R1261/R1261.sdf,,,,CoDock - 262
100,19.0,R1261,262,R1261v1LG262_3,model_tmp.sdf,0.9182077050209044,1.0,/local/CASP16-orig/TARGETS/Targets_ligand/incidental/R1261/R1261.sdf,,0.8410612940788269,0.9125507275066812,0.4642905592918396,1.0,/local/CASP16-orig/TARGETS/Targets_ligand/incidental/R1261/R1261.sdf,,,,CoDock - 262
101,20.0,R1261,262,R1261v1LG262_4,model_tmp.sdf,0.8686619997024536,1.0,/local/CASP16-orig/TARGETS/Targets_ligand/incidental/R1261/R1261.sdf,,0.9206377863883972,0.8772641789567455,0.5047426819801331,1.0,/local/CASP16-orig/TARGETS/Targets_ligand/incidental/R1261/R1261.sdf,,,,CoDock - 262
102,21.0,R1261,262,R1261v1LG262_5,model_tmp.sdf,0.8576487302780151,1.0,/local/CASP16-orig/TARGETS/Targets_ligand/incidental/R1261/R1261.sdf,,0.931845724582672,0.8689003266356528,0.6651264429092407,1.0,/local/CASP16-orig/TARGETS/Targets_ligand/incidental/R1261/R1261.sdf,,,,CoDock - 262
103,22.0,R1261,294,R1261v1LG294_1,model_tmp.sdf,,,,identity,,,,,,identity,,,KiharaLab - 294
104,23.0,R1261,294,R1261v1LG294_2,model_tmp.sdf,,,,identity,,,,,,identity,,,KiharaLab - 294
105,24.0,R1261,294,R1261v1LG294_3,model_tmp.sdf,,,,identity,,,,,,identity,,,KiharaLab - 294
106,25.0,R1261,294,R1261v1LG294_4,model_tmp.sdf,,,,identity,,,,,,identity,,,KiharaLab - 294
107,26.0,R1261,294,R1261v1LG294_5,model_tmp.sdf,,,,identity,,,,,,identity,,,KiharaLab - 294
108,27.0,R1261,338,R1261v1LG338_1,model_tmp.sdf,0.7975127696990967,1.0,/local/CASP16-orig/TARGETS/Targets_ligand/incidental/R1261/R1261.sdf,,1.2682887315750122,0.7267148371770761,1.6089332103729248,1.0,/local/CASP16-orig/TARGETS/Targets_ligand/incidental/R1261/R1261.sdf,,,,GeneSilico - 338
109,28.0,R1261,338,R1261v1LG338_2,model_tmp.sdf,0.794571042060852,1.0,/local/CASP16-orig/TARGETS/Targets_ligand/incidental/R1261/R1261.sdf,,1.0961331129074097,0.8166633673166386,0.7249612808227539,1.0,/local/CASP16-orig/TARGETS/Targets_ligand/incidental/R1261/R1261.sdf,,,,GeneSilico - 338
110,29.0,R1261,338,R1261v1LG338_3,model_tmp.sdf,0.0030206111259758,1.0,/local/CASP16-orig/TARGETS/Targets_ligand/incidental/R1261/R1261.sdf,,16.561065673828125,0.5170741363951301,2.6763081550598145,1.0,/local/CASP16-orig/TARGETS/Targets_ligand/incidental/R1261/R1261.sdf,,,,GeneSilico - 338
111,30.0,R1261,338,R1261v1LG338_4,model_tmp.sdf,0.0073529412038624,1.0,/local/CASP16-orig/TARGETS/Targets_ligand/incidental/R1261/R1261.sdf,,17.81356430053711,0.5883400970008908,1.7711594104766846,1.0,/local/CASP16-orig/TARGETS/Targets_ligand/incidental/R1261/R1261.sdf,,,,GeneSilico - 338
112,31.0,R1261,338,R1261v1LG338_5,model_tmp.sdf,0.0,1.0,/local/CASP16-orig/TARGETS/Targets_ligand/incidental/R1261/R1261.sdf,,41.54636001586914,0.5565921013560329,1.618066430091858,1.0,/local/CASP16-orig/TARGETS/Targets_ligand/incidental/R1261/R1261.sdf,,,,GeneSilico - 338
113,32.0,R1261,408,R1261v1LG408_1,model_tmp.sdf,0.8857729434967041,1.0,/local/CASP16-orig/TARGETS/Targets_ligand/incidental/R1261/R1261.sdf,,0.8943170309066772,0.7653419776304068,1.1697494983673096,1.0,/local/CASP16-orig/TARGETS/Targets_ligand/incidental/R1261/R1261.sdf,,,,SNU-CHEM-lig - 408
114,33.0,R1261,408,R1261v1LG408_2,model_tmp.sdf,0.901260495185852,1.0,/local/CASP16-orig/TARGETS/Targets_ligand/incidental/R1261/R1261.sdf,,1.4902544021606443,0.7653419776304068,1.1697494983673096,1.0,/local/CASP16-orig/TARGETS/Targets_ligand/incidental/R1261/R1261.sdf,,,,SNU-CHEM-lig - 408
115,34.0,R1261,408,R1261v1LG408_3,model_tmp.sdf,0.8730106353759766,1.0,/local/CASP16-orig/TARGETS/Targets_ligand/incidental/R1261/R1261.sdf,,1.5269527435302734,0.7653419776304068,1.1697494983673096,1.0,/local/CASP16-orig/TARGETS/Targets_ligand/incidental/R1261/R1261.sdf,,,,SNU-CHEM-lig - 408
116,35.0,R1261,408,R1261v1LG408_4,model_tmp.sdf,0.8976648449897766,1.0,/local/CASP16-orig/TARGETS/Targets_ligand/incidental/R1261/R1261.sdf,,1.0299417972564695,0.7653419776304068,1.1697494983673096,1.0,/local/CASP16-orig/TARGETS/Targets_ligand/incidental/R1261/R1261.sdf,,,,SNU-CHEM-lig - 408
117,36.0,R1261,408,R1261v1LG408_5,model_tmp.sdf,0.8286553621292114,1.0,/local/CASP16-orig/TARGETS/Targets_ligand/incidental/R1261/R1261.sdf,,1.6780738830566406,0.7653419776304068,1.1697494983673096,1.0,/local/CASP16-orig/TARGETS/Targets_ligand/incidental/R1261/R1261.sdf,,,,SNU-CHEM-lig - 408
118,37.0,R1261,464,R1261v1LG464_1,model_tmp.sdf,0.0,1.0,/local/CASP16-orig/TARGETS/Targets_ligand/incidental/R1261/R1261.sdf,,68.01625061035156,0.6203107987726418,1.4591789245605469,1.0,/local/CASP16-orig/TARGETS/Targets_ligand/incidental/R1261/R1261.sdf,,,,PocketTracer - 464
119,38.0,R1261,464,R1261v1LG464_2,model_tmp.sdf,0.0,1.0,/local/CASP16-orig/TARGETS/Targets_ligand/incidental/R1261/R1261.sdf,,68.32903289794922,0.6203107987726418,1.4591789245605469,1.0,/local/CASP16-orig/TARGETS/Targets_ligand/incidental/R1261/R1261.sdf,,,,PocketTracer - 464
120,39.0,R1261,464,R1261v1LG464_3,model_tmp.sdf,0.0,1.0,/local/CASP16-orig/TARGETS/Targets_ligand/incidental/R1261/R1261.sdf,,68.03641510009766,0.6203107987726418,1.4591789245605469,1.0,/local/CASP16-orig/TARGETS/Targets_ligand/incidental/R1261/R1261.sdf,,,,PocketTracer - 464
121,40.0,R1261,464,R1261v1LG464_4,model_tmp.sdf,0.0,1.0,/local/CASP16-orig/TARGETS/Targets_ligand/incidental/R1261/R1261.sdf,,67.89793395996094,0.6203107987726418,1.4591789245605469,1.0,/local/CASP16-orig/TARGETS/Targets_ligand/incidental/R1261/R1261.sdf,,,,PocketTracer - 464
122,41.0,R1261,464,R1261v1LG464_5,model_tmp.sdf,0.0,1.0,/local/CASP16-orig/TARGETS/Targets_ligand/incidental/R1261/R1261.sdf,,67.85210418701172,0.6203107987726418,1.4591789245605469,1.0,/local/CASP16-orig/TARGETS/Targets_ligand/incidental/R1261/R1261.sdf,,,,PocketTracer - 464
123,0.0,R1262,055,R1262v1LG055_1,model_tmp.sdf,0.1645480245351791,1.0,/local/CASP16-orig/TARGETS/Targets_ligand/incidental/R1262/R1262.sdf,,8.57642650604248,0.6689575065337334,0.9145970940589904,1.0,/local/CASP16-orig/TARGETS/Targets_ligand/incidental/R1262/R1262.sdf,,,,LCDD-team - 055
124,1.0,R1262,055,R1262v1LG055_2,model_tmp.sdf,0.1662772595882415,1.0,/local/CASP16-orig/TARGETS/Targets_ligand/incidental/R1262/R1262.sdf,,8.609044075012207,0.6678685509631207,0.8665913939476013,1.0,/local/CASP16-orig/TARGETS/Targets_ligand/incidental/R1262/R1262.sdf,,,,LCDD-team - 055
125,2.0,R1262,055,R1262v1LG055_3,model_tmp.sdf,0.1222030967473983,1.0,/local/CASP16-orig/TARGETS/Targets_ligand/incidental/R1262/R1262.sdf,,9.674016952514648,0.7014325815506728,0.8118110299110413,1.0,/local/CASP16-orig/TARGETS/Targets_ligand/incidental/R1262/R1262.sdf,,,,LCDD-team - 055
126,3.0,R1262,055,R1262v1LG055_4,model_tmp.sdf,0.4143094718456268,1.0,/local/CASP16-orig/TARGETS/Targets_ligand/incidental/R1262/R1262.sdf,,3.705881595611572,0.698286709902236,1.0460299253463743,1.0,/local/CASP16-orig/TARGETS/Targets_ligand/incidental/R1262/R1262.sdf,,,,LCDD-team - 055
127,4.0,R1262,055,R1262v1LG055_5,model_tmp.sdf,0.153273805975914,1.0,/local/CASP16-orig/TARGETS/Targets_ligand/incidental/R1262/R1262.sdf,,9.425434112548828,0.6431129609911915,0.799595296382904,1.0,/local/CASP16-orig/TARGETS/Targets_ligand/incidental/R1262/R1262.sdf,,,,LCDD-team - 055
128,5.0,R1262,063,R1262v1LG063_1,model_tmp.sdf,0.486331582069397,1.0,/local/CASP16-orig/TARGETS/Targets_ligand/incidental/R1262/R1262.sdf,,2.356022596359253,0.6153082954215467,1.4130744934082031,1.0,/local/CASP16-orig/TARGETS/Targets_ligand/incidental/R1262/R1262.sdf,,,,RNApolis - 063
129,6.0,R1262,063,R1262v1LG063_2,model_tmp.sdf,0.434470385313034,1.0,/local/CASP16-orig/TARGETS/Targets_ligand/incidental/R1262/R1262.sdf,,3.177522897720337,0.5098731971735553,1.931551456451416,1.0,/local/CASP16-orig/TARGETS/Targets_ligand/incidental/R1262/R1262.sdf,,,,RNApolis - 063
130,7.0,R1262,063,R1262v1LG063_3,model_tmp.sdf,0.4881162047386169,1.0,/local/CASP16-orig/TARGETS/Targets_ligand/incidental/R1262/R1262.sdf,,2.45205307006836,0.6427015777756268,1.4291821718215942,1.0,/local/CASP16-orig/TARGETS/Targets_ligand/incidental/R1262/R1262.sdf,,,,RNApolis - 063
131,8.0,R1262,063,R1262v1LG063_4,model_tmp.sdf,0.6223506927490234,1.0,/local/CASP16-orig/TARGETS/Targets_ligand/incidental/R1262/R1262.sdf,,2.3657398223876958,0.8604684928854903,0.6949010491371155,1.0,/local/CASP16-orig/TARGETS/Targets_ligand/incidental/R1262/R1262.sdf,,,,RNApolis - 063
132,9.0,R1262,063,R1262v1LG063_5,model_tmp.sdf,0.6183205842971802,1.0,/local/CASP16-orig/TARGETS/Targets_ligand/incidental/R1262/R1262.sdf,,2.363455295562744,0.8498209273061659,0.8131986856460571,1.0,/local/CASP16-orig/TARGETS/Targets_ligand/incidental/R1262/R1262.sdf,,,,RNApolis - 063
133,10.0,R1262,091,R1262v1LG091_1,model_tmp.sdf,0.3074003756046295,1.0,/local/CASP16-orig/TARGETS/Targets_ligand/incidental/R1262/R1262.sdf,,6.68534517288208,0.8365840673700513,0.7119418382644653,1.0,/local/CASP16-orig/TARGETS/Targets_ligand/incidental/R1262/R1262.sdf,,,,Huang-HUST - 091
134,11.0,R1262,091,R1262v1LG091_2,model_tmp.sdf,0.8584598898887634,1.0,/local/CASP16-orig/TARGETS/Targets_ligand/incidental/R1262/R1262.sdf,,0.9737131595611572,0.8932823540799535,0.5786820650100708,1.0,/local/CASP16-orig/TARGETS/Targets_ligand/incidental/R1262/R1262.sdf,,,,Huang-HUST - 091
135,12.0,R1262,091,R1262v1LG091_3,model_tmp.sdf,0.7661458253860474,1.0,/local/CASP16-orig/TARGETS/Targets_ligand/incidental/R1262/R1262.sdf,,1.5851067304611206,0.8439647662375375,0.75157231092453,1.0,/local/CASP16-orig/TARGETS/Targets_ligand/incidental/R1262/R1262.sdf,,,,Huang-HUST - 091
136,13.0,R1262,091,R1262v1LG091_4,model_tmp.sdf,0.7453027367591858,1.0,/local/CASP16-orig/TARGETS/Targets_ligand/incidental/R1262/R1262.sdf,,1.6267361640930176,0.8612428612912593,0.69221431016922,1.0,/local/CASP16-orig/TARGETS/Targets_ligand/incidental/R1262/R1262.sdf,,,,Huang-HUST - 091
137,14.0,R1262,091,R1262v1LG091_5,model_tmp.sdf,0.8087044358253479,1.0,/local/CASP16-orig/TARGETS/Targets_ligand/incidental/R1262/R1262.sdf,,0.9926014542579652,0.7339802536056529,1.2842122316360474,1.0,/local/CASP16-orig/TARGETS/Targets_ligand/incidental/R1262/R1262.sdf,,,,Huang-HUST - 091
138,15.0,R1262,207,R1262v1LG207_1,model_tmp.sdf,0.0,1.0,/local/CASP16-orig/TARGETS/Targets_ligand/incidental/R1262/R1262.sdf,,20.419897079467773,0.6793146839608944,1.8384567499160769,1.0,/local/CASP16-orig/TARGETS/Targets_ligand/incidental/R1262/R1262.sdf,,,,MULTICOM_ligand - 207
139,16.0,R1262,207,R1262v1LG207_2,model_tmp.sdf,0.0,1.0,/local/CASP16-orig/TARGETS/Targets_ligand/incidental/R1262/R1262.sdf,,25.29293441772461,0.2840722098538379,13.37321662902832,1.0,/local/CASP16-orig/TARGETS/Targets_ligand/incidental/R1262/R1262.sdf,,,,MULTICOM_ligand - 207
140,17.0,R1262,262,R1262v1LG262_1,model_tmp.sdf,0.8904494643211365,1.0,/local/CASP16-orig/TARGETS/Targets_ligand/incidental/R1262/R1262.sdf,,0.5574809908866882,0.8640015487368116,0.5359889268875122,1.0,/local/CASP16-orig/TARGETS/Targets_ligand/incidental/R1262/R1262.sdf,,,,CoDock - 262
141,18.0,R1262,262,R1262v1LG262_2,model_tmp.sdf,0.8902714848518372,1.0,/local/CASP16-orig/TARGETS/Targets_ligand/incidental/R1262/R1262.sdf,,0.6631827354431152,0.8685267641080244,0.5248495936393738,1.0,/local/CASP16-orig/TARGETS/Targets_ligand/incidental/R1262/R1262.sdf,,,,CoDock - 262
142,19.0,R1262,262,R1262v1LG262_3,model_tmp.sdf,0.8648189902305603,1.0,/local/CASP16-orig/TARGETS/Targets_ligand/incidental/R1262/R1262.sdf,,0.731368362903595,0.8450537218081502,0.467973530292511,1.0,/local/CASP16-orig/TARGETS/Targets_ligand/incidental/R1262/R1262.sdf,,,,CoDock - 262
143,20.0,R1262,262,R1262v1LG262_4,model_tmp.sdf,0.8928571343421936,1.0,/local/CASP16-orig/TARGETS/Targets_ligand/incidental/R1262/R1262.sdf,,0.6356992125511169,0.8585809698964282,0.6873509883880615,1.0,/local/CASP16-orig/TARGETS/Targets_ligand/incidental/R1262/R1262.sdf,,,,CoDock - 262
144,21.0,R1262,262,R1262v1LG262_5,model_tmp.sdf,0.8926174640655518,1.0,/local/CASP16-orig/TARGETS/Targets_ligand/incidental/R1262/R1262.sdf,,0.677592396736145,0.8765124382925177,0.5916597247123718,1.0,/local/CASP16-orig/TARGETS/Targets_ligand/incidental/R1262/R1262.sdf,,,,CoDock - 262
145,22.0,R1262,294,R1262v1LG294_1,model_tmp.sdf,0.8369791507720947,1.0,/local/CASP16-orig/TARGETS/Targets_ligand/incidental/R1262/R1262.sdf,,1.0087093114852903,0.8321556480495595,0.7512266039848328,1.0,/local/CASP16-orig/TARGETS/Targets_ligand/incidental/R1262/R1262.sdf,,,,KiharaLab - 294
146,23.0,R1262,294,R1262v1LG294_2,model_tmp.sdf,0.8640257120132446,1.0,/local/CASP16-orig/TARGETS/Targets_ligand/incidental/R1262/R1262.sdf,,0.8238945603370667,0.8321556480495595,0.7512266039848328,1.0,/local/CASP16-orig/TARGETS/Targets_ligand/incidental/R1262/R1262.sdf,,,,KiharaLab - 294
147,24.0,R1262,294,R1262v1LG294_3,model_tmp.sdf,0.7764765620231628,1.0,/local/CASP16-orig/TARGETS/Targets_ligand/incidental/R1262/R1262.sdf,,1.2863885164260864,0.8321556480495595,0.7512266039848328,1.0,/local/CASP16-orig/TARGETS/Targets_ligand/incidental/R1262/R1262.sdf,,,,KiharaLab - 294
148,25.0,R1262,294,R1262v1LG294_4,model_tmp.sdf,0.0808823555707931,1.0,/local/CASP16-orig/TARGETS/Targets_ligand/incidental/R1262/R1262.sdf,,10.656417846679688,0.8321556480495595,0.7512266039848328,1.0,/local/CASP16-orig/TARGETS/Targets_ligand/incidental/R1262/R1262.sdf,,,,KiharaLab - 294
149,26.0,R1262,294,R1262v1LG294_5,model_tmp.sdf,0.0803278684616088,1.0,/local/CASP16-orig/TARGETS/Targets_ligand/incidental/R1262/R1262.sdf,,10.374224662780762,0.8321556480495595,0.7512266039848328,1.0,/local/CASP16-orig/TARGETS/Targets_ligand/incidental/R1262/R1262.sdf,,,,KiharaLab - 294
150,27.0,R1262,338,R1262v1LG338_1,model_tmp.sdf,0.8500000238418579,1.0,/local/CASP16-orig/TARGETS/Targets_ligand/incidental/R1262/R1262.sdf,,1.0193877220153809,0.7447004162230181,1.6389296054840088,1.0,/local/CASP16-orig/TARGETS/Targets_ligand/incidental/R1262/R1262.sdf,,,,GeneSilico - 338
151,28.0,R1262,338,R1262v1LG338_2,model_tmp.sdf,0.8175381422042847,1.0,/local/CASP16-orig/TARGETS/Targets_ligand/incidental/R1262/R1262.sdf,,0.6114973425865173,0.8018100861484851,0.7821018099784851,1.0,/local/CASP16-orig/TARGETS/Targets_ligand/incidental/R1262/R1262.sdf,,,,GeneSilico - 338
152,29.0,R1262,338,R1262v1LG338_3,model_tmp.sdf,0.0261142067611217,1.0,/local/CASP16-orig/TARGETS/Targets_ligand/incidental/R1262/R1262.sdf,,13.578067779541016,0.563014229019456,1.965947151184082,1.0,/local/CASP16-orig/TARGETS/Targets_ligand/incidental/R1262/R1262.sdf,,,,GeneSilico - 338
153,30.0,R1262,338,R1262v1LG338_4,model_tmp.sdf,0.1959152817726135,1.0,/local/CASP16-orig/TARGETS/Targets_ligand/incidental/R1262/R1262.sdf,,7.584419727325439,0.5545445745813571,1.9505813121795652,1.0,/local/CASP16-orig/TARGETS/Targets_ligand/incidental/R1262/R1262.sdf,,,,GeneSilico - 338
154,31.0,R1262,338,R1262v1LG338_5,model_tmp.sdf,0.0,1.0,/local/CASP16-orig/TARGETS/Targets_ligand/incidental/R1262/R1262.sdf,,25.11955451965332,0.4037363275578356,3.06432843208313,1.0,/local/CASP16-orig/TARGETS/Targets_ligand/incidental/R1262/R1262.sdf,,,,GeneSilico - 338
155,32.0,R1262,408,R1262v1LG408_1,model_tmp.sdf,0.4803822934627533,1.0,/local/CASP16-orig/TARGETS/Targets_ligand/incidental/R1262/R1262.sdf,,4.326342582702637,0.7620511083147807,1.2444742918014526,1.0,/local/CASP16-orig/TARGETS/Targets_ligand/incidental/R1262/R1262.sdf,,,,SNU-CHEM-lig - 408
156,33.0,R1262,408,R1262v1LG408_2,model_tmp.sdf,0.2915146052837372,1.0,/local/CASP16-orig/TARGETS/Targets_ligand/incidental/R1262/R1262.sdf,,6.491340637207031,0.7620511083147807,1.2444742918014526,1.0,/local/CASP16-orig/TARGETS/Targets_ligand/incidental/R1262/R1262.sdf,,,,SNU-CHEM-lig - 408
157,34.0,R1262,408,R1262v1LG408_3,model_tmp.sdf,0.34765625,1.0,/local/CASP16-orig/TARGETS/Targets_ligand/incidental/R1262/R1262.sdf,,6.334314346313477,0.7627286806698287,1.2185379266738892,1.0,/local/CASP16-orig/TARGETS/Targets_ligand/incidental/R1262/R1262.sdf,,,,SNU-CHEM-lig - 408
158,35.0,R1262,408,R1262v1LG408_4,model_tmp.sdf,0.1936316639184951,1.0,/local/CASP16-orig/TARGETS/Targets_ligand/incidental/R1262/R1262.sdf,,8.477442741394043,0.7205256025554158,1.2853360176086426,1.0,/local/CASP16-orig/TARGETS/Targets_ligand/incidental/R1262/R1262.sdf,,,,SNU-CHEM-lig - 408
159,36.0,R1262,408,R1262v1LG408_5,model_tmp.sdf,0.2807970941066742,1.0,/local/CASP16-orig/TARGETS/Targets_ligand/incidental/R1262/R1262.sdf,,7.269961357116699,0.7205256025554158,1.2853360176086426,1.0,/local/CASP16-orig/TARGETS/Targets_ligand/incidental/R1262/R1262.sdf,,,,SNU-CHEM-lig - 408
160,37.0,R1262,464,R1262v1LG464_1,model_tmp.sdf,0.0,1.0,/local/CASP16-orig/TARGETS/Targets_ligand/incidental/R1262/R1262.sdf,,35.309532165527344,0.5444535862936792,1.6543097496032717,1.0,/local/CASP16-orig/TARGETS/Targets_ligand/incidental/R1262/R1262.sdf,,,,PocketTracer - 464
161,38.0,R1262,464,R1262v1LG464_2,model_tmp.sdf,0.0,1.0,/local/CASP16-orig/TARGETS/Targets_ligand/incidental/R1262/R1262.sdf,,35.17351150512695,0.5444535862936792,1.6543097496032717,1.0,/local/CASP16-orig/TARGETS/Targets_ligand/incidental/R1262/R1262.sdf,,,,PocketTracer - 464
162,39.0,R1262,464,R1262v1LG464_3,model_tmp.sdf,0.0,1.0,/local/CASP16-orig/TARGETS/Targets_ligand/incidental/R1262/R1262.sdf,,41.08872222900391,0.5444535862936792,1.6543097496032717,1.0,/local/CASP16-orig/TARGETS/Targets_ligand/incidental/R1262/R1262.sdf,,,,PocketTracer - 464
163,40.0,R1262,464,R1262v1LG464_4,model_tmp.sdf,0.0,1.0,/local/CASP16-orig/TARGETS/Targets_ligand/incidental/R1262/R1262.sdf,,41.516300201416016,0.5444535862936792,1.6543097496032717,1.0,/local/CASP16-orig/TARGETS/Targets_ligand/incidental/R1262/R1262.sdf,,,,PocketTracer - 464
164,41.0,R1262,464,R1262v1LG464_5,model_tmp.sdf,0.0,1.0,/local/CASP16-orig/TARGETS/Targets_ligand/incidental/R1262/R1262.sdf,,41.671478271484375,0.5444535862936792,1.6543097496032717,1.0,/local/CASP16-orig/TARGETS/Targets_ligand/incidental/R1262/R1262.sdf,,,,PocketTracer - 464
165,0.0,R1263,055,R1263v1LG055_1,model_tmp.sdf,0.03491619317405662,1.0,/local/CASP16-orig/TARGETS/Targets_ligand/incidental/R1263/R1263.sdf,,12.081661224365234,0.2434453181097429,2.96441912651062,1.0,/local/CASP16-orig/TARGETS/Targets_ligand/incidental/R1263/R1263.sdf,,0.0624870573617726,0.0203583054244518,LCDD-team - 055
166,1.0,R1263,055,R1263v1LG055_3,model_tmp.sdf,0.17164403057461164,1.0,/local/CASP16-orig/TARGETS/Targets_ligand/incidental/R1263/R1263.sdf,,10.640599250793455,0.2413275253672804,2.495694637298584,1.0,/local/CASP16-orig/TARGETS/Targets_ligand/incidental/R1263/R1263.sdf,,0.0619434665562228,0.1000791117548942,LCDD-team - 055
167,2.0,R1263,055,R1263v1LG055_4,model_tmp.sdf,0.16459268451807924,1.0,/local/CASP16-orig/TARGETS/Targets_ligand/incidental/R1263/R1263.sdf,,9.140814781188965,0.32452652596402337,1.8371844291687007,1.0,/local/CASP16-orig/TARGETS/Targets_ligand/incidental/R1263/R1263.sdf,,0.0832988196313936,0.0959677398204803,LCDD-team - 055
168,3.0,R1263,055,R1263v1LG055_5,model_tmp.sdf,0.12011171065237129,1.0,/local/CASP16-orig/TARGETS/Targets_ligand/incidental/R1263/R1263.sdf,,12.616891860961914,0.23436906349918885,2.9405574798583984,1.0,/local/CASP16-orig/TARGETS/Targets_ligand/incidental/R1263/R1263.sdf,,0.0601573824808448,0.0700325742363929,LCDD-team - 055
169,4.0,R1263,063,R1263v1LG063_1,model_tmp.sdf,0.927625572141789,1.0,/local/CASP16-orig/TARGETS/Targets_ligand/incidental/R1263/R1263.sdf,,0.8922847509384155,0.9377787958171085,0.2888122200965881,1.0,/local/CASP16-orig/TARGETS/Targets_ligand/incidental/R1263/R1263.sdf,,0.2407071857527438,0.3867623507976532,RNApolis - 063
170,5.0,R1263,063,R1263v1LG063_2,model_tmp.sdf,0.8852261211767495,1.0,/local/CASP16-orig/TARGETS/Targets_ligand/incidental/R1263/R1263.sdf,,0.535865068435669,0.5372134256713341,0.6354791522026062,1.0,/local/CASP16-orig/TARGETS/Targets_ligand/incidental/R1263/R1263.sdf,,0.1378908676744667,0.5161417126655579,RNApolis - 063
171,6.0,R1263,063,R1263v1LG063_3,model_tmp.sdf,0.9094312118542888,1.0,/local/CASP16-orig/TARGETS/Targets_ligand/incidental/R1263/R1263.sdf,,0.7234715223312378,0.695241103168421,0.2229594439268112,1.0,/local/CASP16-orig/TARGETS/Targets_ligand/incidental/R1263/R1263.sdf,,0.178453095879064,0.5302547812461853,RNApolis - 063
172,7.0,R1263,063,R1263v1LG063_4,model_tmp.sdf,0.8810268428871619,1.0,/local/CASP16-orig/TARGETS/Targets_ligand/incidental/R1263/R1263.sdf,,0.7242116332054138,0.5383227456792907,0.4781454205513,1.0,/local/CASP16-orig/TARGETS/Targets_ligand/incidental/R1263/R1263.sdf,,0.138175605715469,0.5136932730674744,RNApolis - 063
173,8.0,R1263,063,R1263v1LG063_5,model_tmp.sdf,0.9334721276425567,1.0,/local/CASP16-orig/TARGETS/Targets_ligand/incidental/R1263/R1263.sdf,,0.7949433922767639,0.9360643921684484,0.2906376719474792,1.0,/local/CASP16-orig/TARGETS/Targets_ligand/incidental/R1263/R1263.sdf,,0.240267136053013,0.3892000019550323,RNApolis - 063
174,9.0,R1263,091,R1263v1LG091_1,model_tmp.sdf,0.6470941238193253,1.0,/local/CASP16-orig/TARGETS/Targets_ligand/incidental/R1263/R1263.sdf,,3.865697860717773,0.5953014551788786,1.0823774337768557,1.0,/local/CASP16-orig/TARGETS/Targets_ligand/incidental/R1263/R1263.sdf,,0.1528007869124042,0.2697981297969818,Huang-HUST - 091
175,10.0,R1263,091,R1263v1LG091_2,model_tmp.sdf,0.7747659582859548,1.0,/local/CASP16-orig/TARGETS/Targets_ligand/incidental/R1263/R1263.sdf,,4.422646999359131,0.43162633036855824,2.047926664352417,1.0,/local/CASP16-orig/TARGETS/Targets_ligand/incidental/R1263/R1263.sdf,,0.1107889832263408,0.3230293691158294,Huang-HUST - 091
176,11.0,R1263,091,R1263v1LG091_3,model_tmp.sdf,0.04731365192339557,1.0,/local/CASP16-orig/TARGETS/Targets_ligand/incidental/R1263/R1263.sdf,,13.03191375732422,0.27539487830810566,8.124934196472168,1.0,/local/CASP16-orig/TARGETS/Targets_ligand/incidental/R1263/R1263.sdf,,0.054177883619797,0.0197268594056367,Huang-HUST - 091
177,12.0,R1263,091,R1263v1LG091_4,model_tmp.sdf,0.6897908337294,1.0,/local/CASP16-orig/TARGETS/Targets_ligand/incidental/R1263/R1263.sdf,,3.475722551345825,0.5953014551788786,1.0823774337768557,1.0,/local/CASP16-orig/TARGETS/Targets_ligand/incidental/R1263/R1263.sdf,,0.1528007869124042,0.2876000106334686,Huang-HUST - 091
178,13.0,R1263,091,R1263v1LG091_5,model_tmp.sdf,0.8731156664655098,1.0,/local/CASP16-orig/TARGETS/Targets_ligand/incidental/R1263/R1263.sdf,,3.6824488639831534,0.43162633036855824,2.047926664352417,1.0,/local/CASP16-orig/TARGETS/Targets_ligand/incidental/R1263/R1263.sdf,,0.1107889832263408,0.3640350997447967,Huang-HUST - 091
179,14.0,R1263,207,R1263v1LG207_1,model_tmp.sdf,0.024963335245716874,1.0,/local/CASP16-orig/TARGETS/Targets_ligand/incidental/R1263/R1263.sdf,,15.086163520812988,0.4619739215192352,3.866307020187378,1.0,/local/CASP16-orig/TARGETS/Targets_ligand/incidental/R1263/R1263.sdf,,0.0908832056326361,0.0104081630706787,MULTICOM_ligand - 207
180,15.0,R1263,207,R1263v1LG207_2,model_tmp.sdf,0.06629828928537865,1.0,/local/CASP16-orig/TARGETS/Targets_ligand/incidental/R1263/R1263.sdf,,15.256673812866213,0.3937077555511337,2.330162048339844,1.0,/local/CASP16-orig/TARGETS/Targets_ligand/incidental/R1263/R1263.sdf,,0.1010561192793539,0.0276422761380672,MULTICOM_ligand - 207
181,16.0,R1263,262,R1263v1LG262_1,model_tmp.sdf,0.9620529449448837,1.0,/local/CASP16-orig/TARGETS/Targets_ligand/incidental/R1263/R1263.sdf,,1.3632756471633911,0.9978837707936649,0.1204261928796768,1.0,/local/CASP16-orig/TARGETS/Targets_ligand/incidental/R1263/R1263.sdf,,0.2561348105197763,0.4011164307594299,CoDock - 262
182,17.0,R1263,262,R1263v1LG262_2,model_tmp.sdf,0.9896467798480787,1.0,/local/CASP16-orig/TARGETS/Targets_ligand/incidental/R1263/R1263.sdf,,0.5473276376724243,0.9978837707936649,0.1204261928796768,1.0,/local/CASP16-orig/TARGETS/Targets_ligand/incidental/R1263/R1263.sdf,,0.2561348105197763,0.4126213490962982,CoDock - 262
183,18.0,R1263,262,R1263v1LG262_3,model_tmp.sdf,0.9238003005548866,1.0,/local/CASP16-orig/TARGETS/Targets_ligand/incidental/R1263/R1263.sdf,,1.3472908735275269,0.9479643704356189,0.2133952528238296,1.0,/local/CASP16-orig/TARGETS/Targets_ligand/incidental/R1263/R1263.sdf,,0.2433215986746738,0.3851674497127533,CoDock - 262
184,19.0,R1263,262,R1263v1LG262_4,model_tmp.sdf,0.8979798603013487,1.0,/local/CASP16-orig/TARGETS/Targets_ligand/incidental/R1263/R1263.sdf,,1.7455989122390747,0.9295093193941595,0.3078380823135376,1.0,/local/CASP16-orig/TARGETS/Targets_ligand/incidental/R1263/R1263.sdf,,0.2385845930834541,0.3744019269943237,CoDock - 262
185,20.0,R1263,262,R1263v1LG262_5,model_tmp.sdf,0.9376769528606433,1.0,/local/CASP16-orig/TARGETS/Targets_ligand/incidental/R1263/R1263.sdf,,0.7716147899627686,0.9464516613338598,0.2132096141576767,1.0,/local/CASP16-orig/TARGETS/Targets_ligand/incidental/R1263/R1263.sdf,,0.2429333195278525,0.3909531533718109,CoDock - 262
186,21.0,R1263,294,R1263v1LG294_1,model_tmp.sdf,0.9257129363483376,1.0,/local/CASP16-orig/TARGETS/Targets_ligand/incidental/R1263/R1263.sdf,,1.3864974975585938,0.9934464907618386,0.1300440430641174,1.0,/local/CASP16-orig/TARGETS/Targets_ligand/incidental/R1263/R1263.sdf,,0.2549958583557672,0.3859649002552032,KiharaLab - 294
187,22.0,R1263,294,R1263v1LG294_2,model_tmp.sdf,0.9530026279933993,1.0,/local/CASP16-orig/TARGETS/Targets_ligand/incidental/R1263/R1263.sdf,,0.8700077533721924,0.9934464907618386,0.1300440430641174,1.0,/local/CASP16-orig/TARGETS/Targets_ligand/incidental/R1263/R1263.sdf,,0.2549958583557672,0.3973430097103119,KiharaLab - 294
188,23.0,R1263,294,R1263v1LG294_3,model_tmp.sdf,0.6524698469719556,1.0,/local/CASP16-orig/TARGETS/Targets_ligand/incidental/R1263/R1263.sdf,,3.3934154510498047,0.9934464907618386,0.1300440430641174,1.0,/local/CASP16-orig/TARGETS/Targets_ligand/incidental/R1263/R1263.sdf,,0.2549958583557672,0.2720394730567932,KiharaLab - 294
189,24.0,R1263,294,R1263v1LG294_4,model_tmp.sdf,0.14755492298587586,1.0,/local/CASP16-orig/TARGETS/Targets_ligand/incidental/R1263/R1263.sdf,,8.600765228271484,0.9934464907618386,0.1300440430641174,1.0,/local/CASP16-orig/TARGETS/Targets_ligand/incidental/R1263/R1263.sdf,,0.2549958583557672,0.0615212544798851,KiharaLab - 294
190,25.0,R1263,294,R1263v1LG294_5,model_tmp.sdf,0.38326296378993785,1.0,/local/CASP16-orig/TARGETS/Targets_ligand/incidental/R1263/R1263.sdf,,6.417884826660156,0.9934464907618386,0.1300440430641174,1.0,/local/CASP16-orig/TARGETS/Targets_ligand/incidental/R1263/R1263.sdf,,0.2549958583557672,0.1597968935966491,KiharaLab - 294
191,26.0,R1263,338,R1263v1LG338_1,model_tmp.sdf,0.8901323924092931,1.0,/local/CASP16-orig/TARGETS/Targets_ligand/incidental/R1263/R1263.sdf,,1.1314501762390137,1.0822373980335265,0.5695472955703735,1.0,/local/CASP16-orig/TARGETS/Targets_ligand/incidental/R1263/R1263.sdf,,0.2129063988403396,0.3711300194263458,GeneSilico - 338
192,27.0,R1263,338,R1263v1LG338_2,model_tmp.sdf,0.10095707543705323,1.0,/local/CASP16-orig/TARGETS/Targets_ligand/incidental/R1263/R1263.sdf,,15.588205337524414,0.4356581185275386,2.7252213954925537,1.0,/local/CASP16-orig/TARGETS/Targets_ligand/incidental/R1263/R1263.sdf,,0.0857061503416856,0.0420928411185741,GeneSilico - 338
193,28.0,R1263,338,R1263v1LG338_3,model_tmp.sdf,0.17962329134423174,1.0,/local/CASP16-orig/TARGETS/Targets_ligand/incidental/R1263/R1263.sdf,,11.019120216369627,0.7917519438606428,0.8611428141593933,1.0,/local/CASP16-orig/TARGETS/Targets_ligand/incidental/R1263/R1263.sdf,,0.2032253054462621,0.0748917758464813,GeneSilico - 338
194,29.0,R1263,338,R1263v1LG338_4,model_tmp.sdf,0.0,1.0,/local/CASP16-orig/TARGETS/Targets_ligand/incidental/R1263/R1263.sdf,,26.54709815979004,0.6973687792799622,0.5049917101860046,1.0,/local/CASP16-orig/TARGETS/Targets_ligand/incidental/R1263/R1263.sdf,,0.1371919652101884,0.0,GeneSilico - 338
195,30.0,R1263,338,R1263v1LG338_5,model_tmp.sdf,0.2852209351258403,1.0,/local/CASP16-orig/TARGETS/Targets_ligand/incidental/R1263/R1263.sdf,,7.480462074279785,0.543816068823412,2.094493865966797,1.0,/local/CASP16-orig/TARGETS/Targets_ligand/incidental/R1263/R1263.sdf,,0.1069838475874922,0.1663014888763427,GeneSilico - 338
196,31.0,R1263,408,R1263v1LG408_1,model_tmp.sdf,0.9520370178232173,1.0,/local/CASP16-orig/TARGETS/Targets_ligand/incidental/R1263/R1263.sdf,,1.4397369623184204,0.9878998907220555,0.1629788726568222,1.0,/local/CASP16-orig/TARGETS/Targets_ligand/incidental/R1263/R1263.sdf,,0.2535721681507558,0.3969404101371765,SNU-CHEM-lig - 408
197,32.0,R1263,408,R1263v1LG408_2,model_tmp.sdf,0.40783159185083395,1.0,/local/CASP16-orig/TARGETS/Targets_ligand/incidental/R1263/R1263.sdf,,5.671525001525879,0.9878998907220555,0.1629788726568222,1.0,/local/CASP16-orig/TARGETS/Targets_ligand/incidental/R1263/R1263.sdf,,0.2535721681507558,0.170040488243103,SNU-CHEM-lig - 408
198,33.0,R1263,408,R1263v1LG408_3,model_tmp.sdf,0.27051350191829604,1.0,/local/CASP16-orig/TARGETS/Targets_ligand/incidental/R1263/R1263.sdf,,6.195589065551758,0.9878998907220555,0.1629788726568222,1.0,/local/CASP16-orig/TARGETS/Targets_ligand/incidental/R1263/R1263.sdf,,0.2535721681507558,0.1127873584628105,SNU-CHEM-lig - 408
199,34.0,R1263,408,R1263v1LG408_4,model_tmp.sdf,0.34393009261062435,1.0,/local/CASP16-orig/TARGETS/Targets_ligand/incidental/R1263/R1263.sdf,,5.790855407714844,0.9978837707936649,0.1204261928796768,1.0,/local/CASP16-orig/TARGETS/Targets_ligand/incidental/R1263/R1263.sdf,,0.2561348105197763,0.1433975249528885,SNU-CHEM-lig - 408
200,35.0,R1263,408,R1263v1LG408_5,model_tmp.sdf,0.3732509322752203,1.0,/local/CASP16-orig/TARGETS/Targets_ligand/incidental/R1263/R1263.sdf,,6.455726146697998,0.9978837707936649,0.1204261928796768,1.0,/local/CASP16-orig/TARGETS/Targets_ligand/incidental/R1263/R1263.sdf,,0.2561348105197763,0.1556224972009658,SNU-CHEM-lig - 408
201,36.0,R1263,464,R1263v1LG464_1,model_tmp.sdf,0.03699844415507494,1.0,/local/CASP16-orig/TARGETS/Targets_ligand/incidental/R1263/R1263.sdf,,10.382489204406738,0.5621055519026412,1.7075107097625732,1.0,/local/CASP16-orig/TARGETS/Targets_ligand/incidental/R1263/R1263.sdf,,0.1105819010147028,0.0215723868459463,PocketTracer - 464
202,37.0,R1263,464,R1263v1LG464_2,model_tmp.sdf,0.043778406434114896,1.0,/local/CASP16-orig/TARGETS/Targets_ligand/incidental/R1263/R1263.sdf,,10.163639068603516,0.5621055519026412,1.7075107097625732,1.0,/local/CASP16-orig/TARGETS/Targets_ligand/incidental/R1263/R1263.sdf,,0.1105819010147028,0.0255255252122879,PocketTracer - 464
203,38.0,R1263,464,R1263v1LG464_3,model_tmp.sdf,0.04666893708767678,1.0,/local/CASP16-orig/TARGETS/Targets_ligand/incidental/R1263/R1263.sdf,,10.205399513244627,0.5621055519026412,1.7075107097625732,1.0,/local/CASP16-orig/TARGETS/Targets_ligand/incidental/R1263/R1263.sdf,,0.1105819010147028,0.027210883796215,PocketTracer - 464
204,39.0,R1263,464,R1263v1LG464_4,model_tmp.sdf,0.03520077381073642,1.0,/local/CASP16-orig/TARGETS/Targets_ligand/incidental/R1263/R1263.sdf,,10.439640045166016,0.5621055519026412,1.7075107097625732,1.0,/local/CASP16-orig/TARGETS/Targets_ligand/incidental/R1263/R1263.sdf,,0.1105819010147028,0.0205242335796356,PocketTracer - 464
205,40.0,R1263,464,R1263v1LG464_5,model_tmp.sdf,0.03520077381073642,1.0,/local/CASP16-orig/TARGETS/Targets_ligand/incidental/R1263/R1263.sdf,,10.439640045166016,0.5621055519026412,1.7075107097625732,1.0,/local/CASP16-orig/TARGETS/Targets_ligand/incidental/R1263/R1263.sdf,,0.1105819010147028,0.0205242335796356,PocketTracer - 464
0,,R1264,055,R1264v1LG055_1,model_tmp.sdf,0.0,1.0,/local/CASP16-orig/TARGETS/Targets_ligand/incidental/R1264/R1264.sdf,,16.961584091186523,0.18220145895911852,1.3754795789718628,1.0,/local/CASP16-orig/TARGETS/Targets_ligand/incidental/R1264/R1264.sdf,,0.0574996830226955,0.0,LCDD-team - 055
1,,R1264,055,R1264v1LG055_2,model_tmp.sdf,0.08285447673094706,1.0,/local/CASP16-orig/TARGETS/Targets_ligand/incidental/R1264/R1264.sdf,,12.90359592437744,0.18270366805217012,1.374027132987976,1.0,/local/CASP16-orig/TARGETS/Targets_ligand/incidental/R1264/R1264.sdf,,0.057658171674908,0.0496063008904457,LCDD-team - 055
2,,R1264,055,R1264v1LG055_3,model_tmp.sdf,0.023383374474932356,1.0,/local/CASP16-orig/TARGETS/Targets_ligand/incidental/R1264/R1264.sdf,,14.275458335876465,0.17908776258219866,2.1004672050476074,1.0,/local/CASP16-orig/TARGETS/Targets_ligand/incidental/R1264/R1264.sdf,,0.056517053378978,0.0140000004321336,LCDD-team - 055
3,,R1264,055,R1264v1LG055_4,model_tmp.sdf,0.0013404823291929728,1.0,/local/CASP16-orig/TARGETS/Targets_ligand/incidental/R1264/R1264.sdf,,14.999942779541016,0.17908776258219866,2.1004672050476074,1.0,/local/CASP16-orig/TARGETS/Targets_ligand/incidental/R1264/R1264.sdf,,0.056517053378978,0.0008025682182051,LCDD-team - 055
4,,R1264,055,R1264v1LG055_5,model_tmp.sdf,0.0,1.0,/local/CASP16-orig/TARGETS/Targets_ligand/incidental/R1264/R1264.sdf,,16.47162628173828,0.17908776258219866,2.1004672050476074,1.0,/local/CASP16-orig/TARGETS/Targets_ligand/incidental/R1264/R1264.sdf,,0.056517053378978,0.0,LCDD-team - 055
5,,R1264,063,R1264v1LG063_1,model_tmp.sdf,0.9374114622942237,1.0,/local/CASP16-orig/TARGETS/Targets_ligand/incidental/R1264/R1264.sdf,,1.1224405765533447,0.9579136240866127,0.2149264514446258,1.0,/local/CASP16-orig/TARGETS/Targets_ligand/incidental/R1264/R1264.sdf,,0.3023012552301255,0.3761682212352752,RNApolis - 063
6,,R1264,063,R1264v1LG063_2,model_tmp.sdf,0.9618798656755563,1.0,/local/CASP16-orig/TARGETS/Targets_ligand/incidental/R1264/R1264.sdf,,1.2118408679962158,0.36932456703014294,0.3203226923942566,1.0,/local/CASP16-orig/TARGETS/Targets_ligand/incidental/R1264/R1264.sdf,,0.1165525548370736,0.5758928656578064,RNApolis - 063
7,,R1264,063,R1264v1LG063_3,model_tmp.sdf,0.6834265925788849,1.0,/local/CASP16-orig/TARGETS/Targets_ligand/incidental/R1264/R1264.sdf,,1.8663384914398196,0.3806744925331092,0.4529350101947784,1.0,/local/CASP16-orig/TARGETS/Targets_ligand/incidental/R1264/R1264.sdf,,0.1201343983770762,0.4091784358024597,RNApolis - 063
8,,R1264,063,R1264v1LG063_4,model_tmp.sdf,0.9282589458900135,1.0,/local/CASP16-orig/TARGETS/Targets_ligand/incidental/R1264/R1264.sdf,,1.2146121263504028,0.38820762892888305,0.4970707595348358,1.0,/local/CASP16-orig/TARGETS/Targets_ligand/incidental/R1264/R1264.sdf,,0.1225117281602637,0.5557634830474854,RNApolis - 063
9,,R1264,063,R1264v1LG063_5,model_tmp.sdf,0.9364410843466413,1.0,/local/CASP16-orig/TARGETS/Targets_ligand/incidental/R1264/R1264.sdf,,1.1280303001403809,0.9579136240866127,0.2144046127796173,1.0,/local/CASP16-orig/TARGETS/Targets_ligand/incidental/R1264/R1264.sdf,,0.3023012552301255,0.3757788240909576,RNApolis - 063
10,,R1264,091,R1264v1LG091_1,model_tmp.sdf,0.7620797039077651,1.0,/local/CASP16-orig/TARGETS/Targets_ligand/incidental/R1264/R1264.sdf,,3.574158191680908,0.7469858050049426,0.6950743198394775,1.0,/local/CASP16-orig/TARGETS/Targets_ligand/incidental/R1264/R1264.sdf,,0.2357360213008748,0.3058103919029236,Huang-HUST - 091
11,,R1264,091,R1264v1LG091_2,model_tmp.sdf,0.7481443160822291,1.0,/local/CASP16-orig/TARGETS/Targets_ligand/incidental/R1264/R1264.sdf,,4.44407320022583,0.5863793370470425,1.022180199623108,1.0,/local/CASP16-orig/TARGETS/Targets_ligand/incidental/R1264/R1264.sdf,,0.1850513503233168,0.3002183437347412,Huang-HUST - 091
12,,R1264,091,R1264v1LG091_3,model_tmp.sdf,0.8880862436708933,1.0,/local/CASP16-orig/TARGETS/Targets_ligand/incidental/R1264/R1264.sdf,,4.2130231857299805,0.4332055636663058,1.988363027572632,1.0,/local/CASP16-orig/TARGETS/Targets_ligand/incidental/R1264/R1264.sdf,,0.1367123113985038,0.3563748002052307,Huang-HUST - 091
13,,R1264,091,R1264v1LG091_4,model_tmp.sdf,0.6901673900790076,1.0,/local/CASP16-orig/TARGETS/Targets_ligand/incidental/R1264/R1264.sdf,,3.5677578449249268,0.7469858050049426,0.6950743198394775,1.0,/local/CASP16-orig/TARGETS/Targets_ligand/incidental/R1264/R1264.sdf,,0.2357360213008748,0.2769531309604645,Huang-HUST - 091
14,,R1264,091,R1264v1LG091_5,model_tmp.sdf,0.7519651514005565,1.0,/local/CASP16-orig/TARGETS/Targets_ligand/incidental/R1264/R1264.sdf,,3.267762422561645,0.5863793370470425,1.022180199623108,1.0,/local/CASP16-orig/TARGETS/Targets_ligand/incidental/R1264/R1264.sdf,,0.1850513503233168,0.3017515838146209,Huang-HUST - 091
15,,R1264,207,R1264v1LG207_1,model_tmp.sdf,0.010741382191985976,1.0,/local/CASP16-orig/TARGETS/Targets_ligand/incidental/R1264/R1264.sdf,,16.09872055053711,0.6938416230316177,4.201287269592285,1.0,/local/CASP16-orig/TARGETS/Targets_ligand/incidental/R1264/R1264.sdf,,0.0936033979967034,0.0043103448115289,MULTICOM_ligand - 207
16,,R1264,207,R1264v1LG207_2,model_tmp.sdf,0.04425914632363962,1.0,/local/CASP16-orig/TARGETS/Targets_ligand/incidental/R1264/R1264.sdf,,15.499237060546877,0.9165852256845041,2.258842945098877,1.0,/local/CASP16-orig/TARGETS/Targets_ligand/incidental/R1264/R1264.sdf,,0.1236528464561937,0.0177604872733354,MULTICOM_ligand - 207
17,,R1264,262,R1264v1LG262_1,model_tmp.sdf,1.0071504147072419,1.0,/local/CASP16-orig/TARGETS/Targets_ligand/incidental/R1264/R1264.sdf,,0.4726931750774383,0.9956797478840926,0.1253194063901901,1.0,/local/CASP16-orig/TARGETS/Targets_ligand/incidental/R1264/R1264.sdf,,0.3142196018765056,0.4041533470153808,CoDock - 262
18,,R1264,262,R1264v1LG262_2,model_tmp.sdf,0.9880393312466982,1.0,/local/CASP16-orig/TARGETS/Targets_ligand/incidental/R1264/R1264.sdf,,1.3422720432281494,0.9956797478840926,0.1253194063901901,1.0,/local/CASP16-orig/TARGETS/Targets_ligand/incidental/R1264/R1264.sdf,,0.3142196018765056,0.396484375,CoDock - 262
19,,R1264,262,R1264v1LG262_3,model_tmp.sdf,1.0082896024722783,1.0,/local/CASP16-orig/TARGETS/Targets_ligand/incidental/R1264/R1264.sdf,,0.5077962279319763,0.9829236369205823,0.1899763792753219,1.0,/local/CASP16-orig/TARGETS/Targets_ligand/incidental/R1264/R1264.sdf,,0.3101939901103081,0.4046104848384857,CoDock - 262
20,,R1264,262,R1264v1LG262_4,model_tmp.sdf,0.9413571411247115,1.0,/local/CASP16-orig/TARGETS/Targets_ligand/incidental/R1264/R1264.sdf,,2.1846885681152344,0.934410238531798,0.27851602435112,1.0,/local/CASP16-orig/TARGETS/Targets_ligand/incidental/R1264/R1264.sdf,,0.2948839863065804,0.3777515590190887,CoDock - 262
21,,R1264,262,R1264v1LG262_5,model_tmp.sdf,0.9114261875870687,1.0,/local/CASP16-orig/TARGETS/Targets_ligand/incidental/R1264/R1264.sdf,,1.8534332513809204,0.9521884404258246,0.1791088283061981,1.0,/local/CASP16-orig/TARGETS/Targets_ligand/incidental/R1264/R1264.sdf,,0.300494484594903,0.3657407462596893,CoDock - 262
22,,R1264,294,R1264v1LG294_1,model_tmp.sdf,0.9770441900876848,1.0,/local/CASP16-orig/TARGETS/Targets_ligand/incidental/R1264/R1264.sdf,,1.5639902353286743,0.9956797478840926,0.1253194063901901,1.0,/local/CASP16-orig/TARGETS/Targets_ligand/incidental/R1264/R1264.sdf,,0.3142196018765056,0.3920722007751465,KiharaLab - 294
23,,R1264,294,R1264v1LG294_2,model_tmp.sdf,1.0025176880891309,1.0,/local/CASP16-orig/TARGETS/Targets_ligand/incidental/R1264/R1264.sdf,,1.2203261852264404,0.9956797478840926,0.1253194063901901,1.0,/local/CASP16-orig/TARGETS/Targets_ligand/incidental/R1264/R1264.sdf,,0.3142196018765056,0.4022943079471588,KiharaLab - 294
24,,R1264,294,R1264v1LG294_3,model_tmp.sdf,0.2089605975491622,1.0,/local/CASP16-orig/TARGETS/Targets_ligand/incidental/R1264/R1264.sdf,,7.530114650726318,0.9956797478840926,0.1253194063901901,1.0,/local/CASP16-orig/TARGETS/Targets_ligand/incidental/R1264/R1264.sdf,,0.3142196018765056,0.083852544426918,KiharaLab - 294
25,,R1264,294,R1264v1LG294_4,model_tmp.sdf,0.3422574488436332,1.0,/local/CASP16-orig/TARGETS/Targets_ligand/incidental/R1264/R1264.sdf,,7.704402446746826,0.9956797478840926,0.1253194063901901,1.0,/local/CASP16-orig/TARGETS/Targets_ligand/incidental/R1264/R1264.sdf,,0.3142196018765056,0.1373424381017685,KiharaLab - 294
26,,R1264,294,R1264v1LG294_5,model_tmp.sdf,0.15159244148596307,1.0,/local/CASP16-orig/TARGETS/Targets_ligand/incidental/R1264/R1264.sdf,,7.885719299316406,0.9956797478840926,0.1253194063901901,1.0,/local/CASP16-orig/TARGETS/Targets_ligand/incidental/R1264/R1264.sdf,,0.3142196018765056,0.0608316212892532,KiharaLab - 294
27,,R1264,338,R1264v1LG338_1,model_tmp.sdf,0.88908268947854,1.0,/local/CASP16-orig/TARGETS/Targets_ligand/incidental/R1264/R1264.sdf,,1.45743989944458,0.8620921291323683,0.5998167395591736,1.0,/local/CASP16-orig/TARGETS/Targets_ligand/incidental/R1264/R1264.sdf,,0.2720616203879802,0.3567746579647064,GeneSilico - 338
28,,R1264,338,R1264v1LG338_2,model_tmp.sdf,0.2560424459354166,1.0,/local/CASP16-orig/TARGETS/Targets_ligand/incidental/R1264/R1264.sdf,,6.977687358856201,0.464989018618209,1.194997787475586,1.0,/local/CASP16-orig/TARGETS/Targets_ligand/incidental/R1264/R1264.sdf,,0.0627298085457081,0.1532967090606689,GeneSilico - 338
29,,R1264,338,R1264v1LG338_3,model_tmp.sdf,0.39323633667547864,1.0,/local/CASP16-orig/TARGETS/Targets_ligand/incidental/R1264/R1264.sdf,,6.949505805969238,0.7467079844207523,0.3915539979934692,1.0,/local/CASP16-orig/TARGETS/Targets_ligand/incidental/R1264/R1264.sdf,,0.100735387346266,0.2354368865489959,GeneSilico - 338
30,,R1264,338,R1264v1LG338_4,model_tmp.sdf,0.009175971453929137,1.0,/local/CASP16-orig/TARGETS/Targets_ligand/incidental/R1264/R1264.sdf,,14.338845252990724,0.787463857904901,0.8222799897193909,1.0,/local/CASP16-orig/TARGETS/Targets_ligand/incidental/R1264/R1264.sdf,,0.2485102066692024,0.0036821705289185,GeneSilico - 338
31,,R1264,338,R1264v1LG338_5,model_tmp.sdf,0.07195339298858117,1.0,/local/CASP16-orig/TARGETS/Targets_ligand/incidental/R1264/R1264.sdf,,13.867471694946287,1.4840175045945472,1.0869146585464478,1.0,/local/CASP16-orig/TARGETS/Targets_ligand/incidental/R1264/R1264.sdf,,0.200202865474832,0.0288737453520298,GeneSilico - 338
32,,R1264,408,R1264v1LG408_1,model_tmp.sdf,0.18940457804974134,1.0,/local/CASP16-orig/TARGETS/Targets_ligand/incidental/R1264/R1264.sdf,,7.050717830657959,0.9829236369205823,0.1899763792753219,1.0,/local/CASP16-orig/TARGETS/Targets_ligand/incidental/R1264/R1264.sdf,,0.3101939901103081,0.0760050266981124,SNU-CHEM-lig - 408
33,,R1264,408,R1264v1LG408_2,model_tmp.sdf,0.3162877214758605,1.0,/local/CASP16-orig/TARGETS/Targets_ligand/incidental/R1264/R1264.sdf,,7.02957010269165,0.9471302344871149,0.2571764886379242,1.0,/local/CASP16-orig/TARGETS/Targets_ligand/incidental/R1264/R1264.sdf,,0.1277735514137187,0.1893665194511413,SNU-CHEM-lig - 408
34,,R1264,408,R1264v1LG408_3,model_tmp.sdf,0.3133610294430655,1.0,/local/CASP16-orig/TARGETS/Targets_ligand/incidental/R1264/R1264.sdf,,7.077270030975342,0.9490099273365061,0.1574896275997162,1.0,/local/CASP16-orig/TARGETS/Targets_ligand/incidental/R1264/R1264.sdf,,0.1280271332572587,0.1876142621040344,SNU-CHEM-lig - 408
35,,R1264,408,R1264v1LG408_4,model_tmp.sdf,0.9267850588138989,1.0,/local/CASP16-orig/TARGETS/Targets_ligand/incidental/R1264/R1264.sdf,,1.559378147125244,0.9829236369205823,0.1899763792753219,1.0,/local/CASP16-orig/TARGETS/Targets_ligand/incidental/R1264/R1264.sdf,,0.3101939901103081,0.3719040155410766,SNU-CHEM-lig - 408
36,,R1264,408,R1264v1LG408_5,model_tmp.sdf,0.21997898440675157,1.0,/local/CASP16-orig/TARGETS/Targets_ligand/incidental/R1264/R1264.sdf,,6.84276008605957,0.9956797478840926,0.1253194063901901,1.0,/local/CASP16-orig/TARGETS/Targets_ligand/incidental/R1264/R1264.sdf,,0.3142196018765056,0.0882740467786789,SNU-CHEM-lig - 408
37,,R1264,464,R1264v1LG464_1,model_tmp.sdf,0.0,1.0,/local/CASP16-orig/TARGETS/Targets_ligand/incidental/R1264/R1264.sdf,,26.35859680175781,0.6870277364525736,0.7184416651725769,1.0,/local/CASP16-orig/TARGETS/Targets_ligand/incidental/R1264/R1264.sdf,,0.0926841638138709,0.0,PocketTracer - 464
38,,R1264,464,R1264v1LG464_2,model_tmp.sdf,0.0,1.0,/local/CASP16-orig/TARGETS/Targets_ligand/incidental/R1264/R1264.sdf,,26.40941429138184,0.6870277364525736,0.7184416651725769,1.0,/local/CASP16-orig/TARGETS/Targets_ligand/incidental/R1264/R1264.sdf,,0.0926841638138709,0.0,PocketTracer - 464
39,,R1264,464,R1264v1LG464_3,model_tmp.sdf,0.0,1.0,/local/CASP16-orig/TARGETS/Targets_ligand/incidental/R1264/R1264.sdf,,25.989070892333984,0.6870277364525736,0.7184416651725769,1.0,/local/CASP16-orig/TARGETS/Targets_ligand/incidental/R1264/R1264.sdf,,0.0926841638138709,0.0,PocketTracer - 464
40,,R1264,464,R1264v1LG464_4,model_tmp.sdf,0.0,1.0,/local/CASP16-orig/TARGETS/Targets_ligand/incidental/R1264/R1264.sdf,,25.91087913513184,0.6870277364525736,0.7184416651725769,1.0,/local/CASP16-orig/TARGETS/Targets_ligand/incidental/R1264/R1264.sdf,,0.0926841638138709,0.0,PocketTracer - 464
41,,R1264,464,R1264v1LG464_5,model_tmp.sdf,0.0,1.0,/local/CASP16-orig/TARGETS/Targets_ligand/incidental/R1264/R1264.sdf,,26.757646560668945,0.6870277364525736,0.7184416651725769,1.0,/local/CASP16-orig/TARGETS/Targets_ligand/incidental/R1264/R1264.sdf,,0.0926841638138709,0.0,PocketTracer - 464
