,group_target,F1,group,target
0,405 - 325|R1209,,405 - 325,R1209
1,405 - 325|R1211,0.0,405 - 325,R1211
2,405 - 325|R1212,,405 - 325,R1212
3,405 - 325|R1221s2,0.8396788396788397,405 - 325,R1221s2
4,405 - 325|R1221s3,,405 - 325,R1221s3
5,405 - 325|R1224s2,0.6784580498866213,405 - 325,R1224s2
6,405 - 325|R1224s3,1.0,405 - 325,R1224s3
7,405 - 325|R1241,0.8458333333333333,405 - 325,R1241
8,405 - 325|R1242,0.21666666666666665,405 - 325,R1242
9,405 - 325|R1250,0.14583333333333331,405 - 325,R1250
10,405 - 325|R1251,0.37978524743230624,405 - 325,R1251
11,405 - 325|R1252,0.4021164021164021,405 - 325,R1252
12,405 - 325|R1253v1,0.08333333333333333,405 - 325,R1253v1
13,405 - 325|R1253v2,0.22008547008547008,405 - 325,R1253v2
14,405 - 325|R1255,0.26666666666666666,405 - 325,R1255
15,405 - 325|R1256,0.16666666666666666,405 - 325,R1256
16,405 - 325|R1261,,405 - 325,R1261
17,405 - 325|R1263,0.0,405 - 325,R1263
18,405 - 325|R1281,0.39999999999999997,405 - 325,R1281
19,405 - 325|R1283v1,0.27999999999999997,405 - 325,R1283v1
20,405 - 325|R1286,0.19047619047619047,405 - 325,R1286
21,405 - 325|R1291,0.9298941798941799,405 - 325,R1291
22,405 - 325|R1293,0.5,405 - 325,R1293
23,405 - 325|R1296,,405 - 325,R1296
24,406 - 159|R1203,,406 - 159,R1203
25,406 - 159|R1205,0.0,406 - 159,R1205
26,406 - 159|R1209,,406 - 159,R1209
27,406 - 159|R1211,0.0,406 - 159,R1211
28,406 - 159|R1212,,406 - 159,R1212
29,406 - 159|R1221s2,0.8396788396788397,406 - 159,R1221s2
30,406 - 159|R1221s3,,406 - 159,R1221s3
31,406 - 159|R1224s2,0.6784580498866213,406 - 159,R1224s2
32,406 - 159|R1224s3,1.0,406 - 159,R1224s3
33,406 - 159|R1241,0.8458333333333333,406 - 159,R1241
34,406 - 159|R1242,0.21666666666666665,406 - 159,R1242
35,406 - 159|R1250,0.14583333333333331,406 - 159,R1250
36,406 - 159|R1251,0.37978524743230624,406 - 159,R1251
37,406 - 159|R1252,0.4202279202279202,406 - 159,R1252
38,406 - 159|R1253v1,0.25,406 - 159,R1253v1
39,406 - 159|R1253v2,0.25555555555555554,406 - 159,R1253v2
40,406 - 159|R1255,0.26666666666666666,406 - 159,R1255
41,406 - 159|R1256,0.16666666666666666,406 - 159,R1256
42,406 - 159|R1261,,406 - 159,R1261
43,406 - 159|R1263,0.0,406 - 159,R1263
44,406 - 159|R1281,0.39999999999999997,406 - 159,R1281
45,406 - 159|R1283v1,0.27999999999999997,406 - 159,R1283v1
46,406 - 159|R1286,0.19047619047619047,406 - 159,R1286
47,406 - 159|R1291,0.9298941798941799,406 - 159,R1291
48,406 - 159|R1293,0.5,406 - 159,R1293
49,406 - 159|R1296,,406 - 159,R1296
50,AF3-server - S 304|R1203,,AF3-server - S 304,R1203
51,AF3-server - S 304|R1205,0.0,AF3-server - S 304,R1205
52,AF3-server - S 304|R1209,,AF3-server - S 304,R1209
53,AF3-server - S 304|R1211,0.0,AF3-server - S 304,R1211
54,AF3-server - S 304|R1212,,AF3-server - S 304,R1212
55,AF3-server - S 304|R1221s2,0.829096829096829,AF3-server - S 304,R1221s2
56,AF3-server - S 304|R1221s3,,AF3-server - S 304,R1221s3
57,AF3-server - S 304|R1224s2,0.7634920634920636,AF3-server - S 304,R1224s2
58,AF3-server - S 304|R1224s3,1.0,AF3-server - S 304,R1224s3
59,AF3-server - S 304|R1241,0.8680555555555555,AF3-server - S 304,R1241
60,AF3-server - S 304|R1242,0.25666666666666665,AF3-server - S 304,R1242
61,AF3-server - S 304|R1248,0.14285714285714285,AF3-server - S 304,R1248
62,AF3-server - S 304|R1250,0.13392857142857145,AF3-server - S 304,R1250
63,AF3-server - S 304|R1251,0.4865079365079365,AF3-server - S 304,R1251
64,AF3-server - S 304|R1252,0.4829244829244829,AF3-server - S 304,R1252
65,AF3-server - S 304|R1253v1,0.3333333333333333,AF3-server - S 304,R1253v1
66,AF3-server - S 304|R1253v2,0.2833333333333333,AF3-server - S 304,R1253v2
67,AF3-server - S 304|R1254,0.5,AF3-server - S 304,R1254
68,AF3-server - S 304|R1255,0.6666666666666666,AF3-server - S 304,R1255
69,AF3-server - S 304|R1256,0.0,AF3-server - S 304,R1256
70,AF3-server - S 304|R1261,,AF3-server - S 304,R1261
71,AF3-server - S 304|R1262,,AF3-server - S 304,R1262
72,AF3-server - S 304|R1263,1.0,AF3-server - S 304,R1263
73,AF3-server - S 304|R1264,1.0,AF3-server - S 304,R1264
74,AF3-server - S 304|R1271,0.5333333333333333,AF3-server - S 304,R1271
75,AF3-server - S 304|R1281,0.39999999999999997,AF3-server - S 304,R1281
76,AF3-server - S 304|R1283v1,0.58,AF3-server - S 304,R1283v1
77,AF3-server - S 304|R1285,0.2653061224489796,AF3-server - S 304,R1285
78,AF3-server - S 304|R1286,0.25627705627705627,AF3-server - S 304,R1286
79,AF3-server - S 304|R1288,1.0,AF3-server - S 304,R1288
80,AF3-server - S 304|R1289,0.9636363636363636,AF3-server - S 304,R1289
81,AF3-server - S 304|R1290,0.8009559884559884,AF3-server - S 304,R1290
82,AF3-server - S 304|R1291,0.9228174603174604,AF3-server - S 304,R1291
83,AF3-server - S 304|R1293,0.5,AF3-server - S 304,R1293
84,AF3-server - S 304|R1296,,AF3-server - S 304,R1296
85,B-LAB - 231|R1203,,B-LAB - 231,R1203
86,B-LAB - 231|R1205,0.0,B-LAB - 231,R1205
87,B-LAB - 231|R1209,,B-LAB - 231,R1209
88,B-LAB - 231|R1211,0.0,B-LAB - 231,R1211
89,B-LAB - 231|R1212,,B-LAB - 231,R1212
90,B-LAB - 231|R1221s2,0.0761904761904762,B-LAB - 231,R1221s2
91,B-LAB - 231|R1221s3,,B-LAB - 231,R1221s3
92,B-LAB - 231|R1224s2,0.6927437641723356,B-LAB - 231,R1224s2
93,B-LAB - 231|R1224s3,1.0,B-LAB - 231,R1224s3
94,B-LAB - 231|R1241,0.17261904761904764,B-LAB - 231,R1241
95,B-LAB - 231|R1242,0.13999999999999999,B-LAB - 231,R1242
96,B-LAB - 231|R1248,0.1111111111111111,B-LAB - 231,R1248
97,B-LAB - 231|R1250,0.08571428571428572,B-LAB - 231,R1250
98,B-LAB - 231|R1251,0.4305194805194805,B-LAB - 231,R1251
99,B-LAB - 231|R1252,0.4444444444444444,B-LAB - 231,R1252
100,B-LAB - 231|R1253v1,0.2738095238095238,B-LAB - 231,R1253v1
101,B-LAB - 231|R1253v2,0.2738095238095238,B-LAB - 231,R1253v2
102,B-LAB - 231|R1255,0.3333333333333333,B-LAB - 231,R1255
103,B-LAB - 231|R1256,0.0,B-LAB - 231,R1256
104,B-LAB - 231|R1261,,B-LAB - 231,R1261
105,B-LAB - 231|R1262,,B-LAB - 231,R1262
106,B-LAB - 231|R1263,0.5,B-LAB - 231,R1263
107,B-LAB - 231|R1264,1.0,B-LAB - 231,R1264
108,B-LAB - 231|R1281,0.7666666666666666,B-LAB - 231,R1281
109,B-LAB - 231|R1283v1,0.5,B-LAB - 231,R1283v1
110,B-LAB - 231|R1285,0.2653061224489796,B-LAB - 231,R1285
111,B-LAB - 231|R1286,0.1753246753246753,B-LAB - 231,R1286
112,B-LAB - 231|R1288,1.0,B-LAB - 231,R1288
113,B-LAB - 231|R1289,0.8818181818181818,B-LAB - 231,R1289
114,B-LAB - 231|R1290,0.8700396825396824,B-LAB - 231,R1290
115,B-LAB - 231|R1291,0.9298941798941799,B-LAB - 231,R1291
116,B-LAB - 231|R1293,0.5,B-LAB - 231,R1293
117,B-LAB - 231|R1296,,B-LAB - 231,R1296
118,BRIQX - 238|R1203,,BRIQX - 238,R1203
119,BRIQX - 238|R1205,0.0,BRIQX - 238,R1205
120,BRIQX - 238|R1209,,BRIQX - 238,R1209
121,BRIQX - 238|R1211,0.0,BRIQX - 238,R1211
122,BRIQX - 238|R1212,,BRIQX - 238,R1212
123,BRIQX - 238|R1221s2,0.6666666666666666,BRIQX - 238,R1221s2
124,BRIQX - 238|R1221s3,,BRIQX - 238,R1221s3
125,BRIQX - 238|R1224s2,0.7063492063492064,BRIQX - 238,R1224s2
126,BRIQX - 238|R1224s3,1.0,BRIQX - 238,R1224s3
127,BRIQX - 238|R1241,0.6638888888888889,BRIQX - 238,R1241
128,BRIQX - 238|R1242,0.33999999999999997,BRIQX - 238,R1242
129,BRIQX - 238|R1248,0.1111111111111111,BRIQX - 238,R1248
130,BRIQX - 238|R1250,0.125,BRIQX - 238,R1250
131,BRIQX - 238|R1251,0.48174603174603176,BRIQX - 238,R1251
132,BRIQX - 238|R1255,0.3333333333333333,BRIQX - 238,R1255
133,BRIQX - 238|R1256,0.3333333333333333,BRIQX - 238,R1256
134,BRIQX - 238|R1261,,BRIQX - 238,R1261
135,BRIQX - 238|R1262,,BRIQX - 238,R1262
136,BRIQX - 238|R1263,1.0,BRIQX - 238,R1263
137,BRIQX - 238|R1264,1.0,BRIQX - 238,R1264
138,BRIQX - 238|R1271,0.2,BRIQX - 238,R1271
139,BRIQX - 238|R1281,0.21428571428571425,BRIQX - 238,R1281
140,BRIQX - 238|R1283v1,0.27999999999999997,BRIQX - 238,R1283v1
141,BRIQX - 238|R1285,0.3224489795918367,BRIQX - 238,R1285
142,BRIQX - 238|R1288,1.0,BRIQX - 238,R1288
143,BRIQX - 238|R1289,0.9818181818181818,BRIQX - 238,R1289
144,BRIQX - 238|R1290,0.9166666666666666,BRIQX - 238,R1290
145,BRIQX - 238|R1291,0.9093915343915344,BRIQX - 238,R1291
146,BRIQX - 238|R1293,0.5,BRIQX - 238,R1293
147,BRIQX - 238|R1296,,BRIQX - 238,R1296
148,Bhattacharya - 369|R1203,,Bhattacharya - 369,R1203
149,Bhattacharya - 369|R1205,0.0,Bhattacharya - 369,R1205
150,Bhattacharya - 369|R1209,,Bhattacharya - 369,R1209
151,Bhattacharya - 369|R1211,0.0,Bhattacharya - 369,R1211
152,Bhattacharya - 369|R1212,,Bhattacharya - 369,R1212
153,Bhattacharya - 369|R1221s2,0.731986531986532,Bhattacharya - 369,R1221s2
154,Bhattacharya - 369|R1221s3,,Bhattacharya - 369,R1221s3
155,Bhattacharya - 369|R1224s2,0.634920634920635,Bhattacharya - 369,R1224s2
156,Bhattacharya - 369|R1224s3,1.0,Bhattacharya - 369,R1224s3
157,Bhattacharya - 369|R1241,0.8680555555555555,Bhattacharya - 369,R1241
158,Bhattacharya - 369|R1242,0.32333333333333336,Bhattacharya - 369,R1242
159,Bhattacharya - 369|R1248,0.14285714285714285,Bhattacharya - 369,R1248
160,Bhattacharya - 369|R1250,0.22420634920634921,Bhattacharya - 369,R1250
161,Bhattacharya - 369|R1252,0.46913580246913583,Bhattacharya - 369,R1252
162,Bhattacharya - 369|R1253v1,0.08333333333333333,Bhattacharya - 369,R1253v1
163,Bhattacharya - 369|R1253v2,0.08333333333333333,Bhattacharya - 369,R1253v2
164,Bhattacharya - 369|R1255,0.6666666666666666,Bhattacharya - 369,R1255
165,Bhattacharya - 369|R1256,0.16666666666666666,Bhattacharya - 369,R1256
166,Bhattacharya - 369|R1261,,Bhattacharya - 369,R1261
167,Bhattacharya - 369|R1262,,Bhattacharya - 369,R1262
168,Bhattacharya - 369|R1263,0.5,Bhattacharya - 369,R1263
169,Bhattacharya - 369|R1264,1.0,Bhattacharya - 369,R1264
170,Bhattacharya - 369|R1271,0.5333333333333333,Bhattacharya - 369,R1271
171,Bhattacharya - 369|R1281,0.3684210526315789,Bhattacharya - 369,R1281
172,Bhattacharya - 369|R1283v1,0.48,Bhattacharya - 369,R1283v1
173,Bhattacharya - 369|R1285,0.21768707482993196,Bhattacharya - 369,R1285
174,Bhattacharya - 369|R1286,0.1991341991341991,Bhattacharya - 369,R1286
175,Bhattacharya - 369|R1288,1.0,Bhattacharya - 369,R1288
176,Bhattacharya - 369|R1289,0.9636363636363636,Bhattacharya - 369,R1289
177,Bhattacharya - 369|R1290,0.8263888888888888,Bhattacharya - 369,R1290
178,Bhattacharya - 369|R1291,0.9209656084656085,Bhattacharya - 369,R1291
179,Bhattacharya - 369|R1293,0.5,Bhattacharya - 369,R1293
180,Bhattacharya - 369|R1296,,Bhattacharya - 369,R1296
181,CSSB_experimental - 286|R1203,,CSSB_experimental - 286,R1203
182,CSSB_experimental - 286|R1205,0.0,CSSB_experimental - 286,R1205
183,CSSB_experimental - 286|R1209,,CSSB_experimental - 286,R1209
184,CSSB_experimental - 286|R1211,0.0,CSSB_experimental - 286,R1211
185,CSSB_experimental - 286|R1212,,CSSB_experimental - 286,R1212
186,CSSB_experimental - 286|R1221s2,0.7412698412698413,CSSB_experimental - 286,R1221s2
187,CSSB_experimental - 286|R1221s3,,CSSB_experimental - 286,R1221s3
188,CSSB_experimental - 286|R1224s2,0.710204081632653,CSSB_experimental - 286,R1224s2
189,CSSB_experimental - 286|R1224s3,1.0,CSSB_experimental - 286,R1224s3
190,CSSB_experimental - 286|R1241,0.7288359788359787,CSSB_experimental - 286,R1241
191,CSSB_experimental - 286|R1242,0.0,CSSB_experimental - 286,R1242
192,CSSB_experimental - 286|R1248,0.17777777777777778,CSSB_experimental - 286,R1248
193,CSSB_experimental - 286|R1250,0.175,CSSB_experimental - 286,R1250
194,CSSB_experimental - 286|R1251,0.48639455782312924,CSSB_experimental - 286,R1251
195,CSSB_experimental - 286|R1252,0.5326599326599326,CSSB_experimental - 286,R1252
196,CSSB_experimental - 286|R1253v1,0.06944444444444443,CSSB_experimental - 286,R1253v1
197,CSSB_experimental - 286|R1253v2,0.11363636363636363,CSSB_experimental - 286,R1253v2
198,CSSB_experimental - 286|R1254,0.3333333333333333,CSSB_experimental - 286,R1254
199,CSSB_experimental - 286|R1255,0.6666666666666666,CSSB_experimental - 286,R1255
200,CSSB_experimental - 286|R1256,0.0,CSSB_experimental - 286,R1256
201,CSSB_experimental - 286|R1261,,CSSB_experimental - 286,R1261
202,CSSB_experimental - 286|R1262,,CSSB_experimental - 286,R1262
203,CSSB_experimental - 286|R1263,0.5,CSSB_experimental - 286,R1263
204,CSSB_experimental - 286|R1264,1.0,CSSB_experimental - 286,R1264
205,CSSB_experimental - 286|R1271,0.5333333333333333,CSSB_experimental - 286,R1271
206,CSSB_experimental - 286|R1281,0.21428571428571425,CSSB_experimental - 286,R1281
207,CSSB_experimental - 286|R1283v1,0.5666666666666667,CSSB_experimental - 286,R1283v1
208,CSSB_experimental - 286|R1285,0.23809523809523808,CSSB_experimental - 286,R1285
209,CSSB_experimental - 286|R1286,0.1991341991341991,CSSB_experimental - 286,R1286
210,CSSB_experimental - 286|R1288,0.5,CSSB_experimental - 286,R1288
211,CSSB_experimental - 286|R1289,1.0,CSSB_experimental - 286,R1289
212,CSSB_experimental - 286|R1290,0.7412698412698413,CSSB_experimental - 286,R1290
213,CSSB_experimental - 286|R1291,0.951058201058201,CSSB_experimental - 286,R1291
214,CSSB_experimental - 286|R1293,0.5,CSSB_experimental - 286,R1293
215,CSSB_experimental - 286|R1296,,CSSB_experimental - 286,R1296
216,CoDock - 262|R1209,,CoDock - 262,R1209
217,CoDock - 262|R1211,0.0,CoDock - 262,R1211
218,CoDock - 262|R1212,,CoDock - 262,R1212
219,CoDock - 262|R1221s2,0.5246913580246914,CoDock - 262,R1221s2
220,CoDock - 262|R1221s3,,CoDock - 262,R1221s3
221,CoDock - 262|R1224s2,0.363265306122449,CoDock - 262,R1224s2
222,CoDock - 262|R1224s3,0.0,CoDock - 262,R1224s3
223,CoDock - 262|R1250,0.10714285714285715,CoDock - 262,R1250
224,CoDock - 262|R1251,0.1984126984126984,CoDock - 262,R1251
225,CoDock - 262|R1252,0.5280423280423281,CoDock - 262,R1252
226,CoDock - 262|R1253v1,0.33585858585858586,CoDock - 262,R1253v1
227,CoDock - 262|R1253v2,0.33585858585858586,CoDock - 262,R1253v2
228,CoDock - 262|R1254,0.3333333333333333,CoDock - 262,R1254
229,CoDock - 262|R1261,,CoDock - 262,R1261
230,CoDock - 262|R1262,,CoDock - 262,R1262
231,CoDock - 262|R1263,1.0,CoDock - 262,R1263
232,CoDock - 262|R1264,1.0,CoDock - 262,R1264
233,CoDock - 262|R1271,0.5333333333333333,CoDock - 262,R1271
234,CoDock - 262|R1281,0.4285714285714286,CoDock - 262,R1281
235,CoDock - 262|R1285,0.2653061224489796,CoDock - 262,R1285
236,CoDock - 262|R1288,1.0,CoDock - 262,R1288
237,CoDock - 262|R1290,0.8796296296296297,CoDock - 262,R1290
238,CoDock - 262|R1293,0.5,CoDock - 262,R1293
239,CoDock - 262|R1296,,CoDock - 262,R1296
240,Diff - 033|R1203,,Diff - 033,R1203
241,Diff - 033|R1205,0.0,Diff - 033,R1205
242,Diff - 033|R1209,,Diff - 033,R1209
243,Diff - 033|R1211,0.0,Diff - 033,R1211
244,Diff - 033|R1212,,Diff - 033,R1212
245,Diff - 033|R1221s2,0.8396788396788397,Diff - 033,R1221s2
246,Diff - 033|R1221s3,,Diff - 033,R1221s3
247,Diff - 033|R1224s2,0.7498866213151928,Diff - 033,R1224s2
248,Diff - 033|R1224s3,1.0,Diff - 033,R1224s3
249,Diff - 033|R1241,0.8680555555555555,Diff - 033,R1241
250,Diff - 033|R1242,0.42333333333333334,Diff - 033,R1242
251,Diff - 033|R1248,0.1111111111111111,Diff - 033,R1248
252,Diff - 033|R1250,0.15277777777777776,Diff - 033,R1250
253,Diff - 033|R1251,0.4126984126984127,Diff - 033,R1251
254,Diff - 033|R1252,0.5317460317460317,Diff - 033,R1252
255,Diff - 033|R1253v1,0.20833333333333334,Diff - 033,R1253v1
256,Diff - 033|R1253v2,0.1111111111111111,Diff - 033,R1253v2
257,Diff - 033|R1254,0.4166666666666667,Diff - 033,R1254
258,Diff - 033|R1255,0.26666666666666666,Diff - 033,R1255
259,Diff - 033|R1256,0.16666666666666666,Diff - 033,R1256
260,Diff - 033|R1261,,Diff - 033,R1261
261,Diff - 033|R1262,,Diff - 033,R1262
262,Diff - 033|R1263,0.5,Diff - 033,R1263
263,Diff - 033|R1264,1.0,Diff - 033,R1264
264,Diff - 033|R1271,0.5333333333333333,Diff - 033,R1271
265,Diff - 033|R1281,0.4210526315789474,Diff - 033,R1281
266,Diff - 033|R1283v1,0.27999999999999997,Diff - 033,R1283v1
267,Diff - 033|R1285,0.38095238095238093,Diff - 033,R1285
268,Diff - 033|R1288,1.0,Diff - 033,R1288
269,Diff - 033|R1289,0.9818181818181818,Diff - 033,R1289
270,Diff - 033|R1290,0.8263888888888888,Diff - 033,R1290
271,Diff - 033|R1291,0.9209656084656085,Diff - 033,R1291
272,Diff - 033|R1293,0.5,Diff - 033,R1293
273,Diff - 033|R1296,,Diff - 033,R1296
274,GeneSilico - 338|R1203,,GeneSilico - 338,R1203
275,GeneSilico - 338|R1205,0.0,GeneSilico - 338,R1205
276,GeneSilico - 338|R1209,,GeneSilico - 338,R1209
277,GeneSilico - 338|R1211,1.0,GeneSilico - 338,R1211
278,GeneSilico - 338|R1212,,GeneSilico - 338,R1212
279,GeneSilico - 338|R1221s2,0.26334776334776333,GeneSilico - 338,R1221s2
280,GeneSilico - 338|R1221s3,,GeneSilico - 338,R1221s3
281,GeneSilico - 338|R1224s2,0.3156462585034014,GeneSilico - 338,R1224s2
282,GeneSilico - 338|R1224s3,0.6666666666666666,GeneSilico - 338,R1224s3
283,GeneSilico - 338|R1241,0.8277417027417027,GeneSilico - 338,R1241
284,GeneSilico - 338|R1242,0.8666666666666666,GeneSilico - 338,R1242
285,GeneSilico - 338|R1248,0.39999999999999997,GeneSilico - 338,R1248
286,GeneSilico - 338|R1250,0.1111111111111111,GeneSilico - 338,R1250
287,GeneSilico - 338|R1251,0.17142857142857143,GeneSilico - 338,R1251
288,GeneSilico - 338|R1252,0.031746031746031744,GeneSilico - 338,R1252
289,GeneSilico - 338|R1253v1,0.041666666666666664,GeneSilico - 338,R1253v1
290,GeneSilico - 338|R1253v2,0.041666666666666664,GeneSilico - 338,R1253v2
291,GeneSilico - 338|R1254,0.17777777777777778,GeneSilico - 338,R1254
292,GeneSilico - 338|R1255,0.26666666666666666,GeneSilico - 338,R1255
293,GeneSilico - 338|R1256,0.3333333333333333,GeneSilico - 338,R1256
294,GeneSilico - 338|R1261,,GeneSilico - 338,R1261
295,GeneSilico - 338|R1262,,GeneSilico - 338,R1262
296,GeneSilico - 338|R1263,1.0,GeneSilico - 338,R1263
297,GeneSilico - 338|R1264,1.0,GeneSilico - 338,R1264
298,GeneSilico - 338|R1271,0.6,GeneSilico - 338,R1271
299,GeneSilico - 338|R1281,0.9782608695652174,GeneSilico - 338,R1281
300,GeneSilico - 338|R1283v1,0.1,GeneSilico - 338,R1283v1
301,GeneSilico - 338|R1285,0.20238095238095236,GeneSilico - 338,R1285
302,GeneSilico - 338|R1286,0.047619047619047616,GeneSilico - 338,R1286
303,GeneSilico - 338|R1288,1.0,GeneSilico - 338,R1288
304,GeneSilico - 338|R1289,0.9161616161616161,GeneSilico - 338,R1289
305,GeneSilico - 338|R1290,0.9166666666666666,GeneSilico - 338,R1290
306,GeneSilico - 338|R1291,0.9695767195767195,GeneSilico - 338,R1291
307,GeneSilico - 338|R1293,1.0,GeneSilico - 338,R1293
308,GeneSilico - 338|R1296,,GeneSilico - 338,R1296
309,GeneSilicoRNA-server - S 306|R1203,,GeneSilicoRNA-server - S 306,R1203
310,GeneSilicoRNA-server - S 306|R1205,0.0,GeneSilicoRNA-server - S 306,R1205
311,GeneSilicoRNA-server - S 306|R1209,,GeneSilicoRNA-server - S 306,R1209
312,GeneSilicoRNA-server - S 306|R1211,0.0,GeneSilicoRNA-server - S 306,R1211
313,GeneSilicoRNA-server - S 306|R1212,,GeneSilicoRNA-server - S 306,R1212
314,GeneSilicoRNA-server - S 306|R1221s2,0.0,GeneSilicoRNA-server - S 306,R1221s2
315,GeneSilicoRNA-server - S 306|R1221s3,,GeneSilicoRNA-server - S 306,R1221s3
316,GeneSilicoRNA-server - S 306|R1224s3,0.6666666666666666,GeneSilicoRNA-server - S 306,R1224s3
317,GeneSilicoRNA-server - S 306|R1242,0.0,GeneSilicoRNA-server - S 306,R1242
318,GeneSilicoRNA-server - S 306|R1248,0.06666666666666667,GeneSilicoRNA-server - S 306,R1248
319,GeneSilicoRNA-server - S 306|R1250,0.05,GeneSilicoRNA-server - S 306,R1250
320,GeneSilicoRNA-server - S 306|R1251,0.3190476190476191,GeneSilicoRNA-server - S 306,R1251
321,GeneSilicoRNA-server - S 306|R1255,0.3333333333333333,GeneSilicoRNA-server - S 306,R1255
322,GeneSilicoRNA-server - S 306|R1256,0.2222222222222222,GeneSilicoRNA-server - S 306,R1256
323,GeneSilicoRNA-server - S 306|R1261,,GeneSilicoRNA-server - S 306,R1261
324,GeneSilicoRNA-server - S 306|R1262,,GeneSilicoRNA-server - S 306,R1262
325,GeneSilicoRNA-server - S 306|R1263,0.0,GeneSilicoRNA-server - S 306,R1263
326,GeneSilicoRNA-server - S 306|R1264,0.0,GeneSilicoRNA-server - S 306,R1264
327,GeneSilicoRNA-server - S 306|R1285,0.05714285714285715,GeneSilicoRNA-server - S 306,R1285
328,GeneSilicoRNA-server - S 306|R1286,0.03571428571428571,GeneSilicoRNA-server - S 306,R1286
329,GeneSilicoRNA-server - S 306|R1288,0.0,GeneSilicoRNA-server - S 306,R1288
330,GeneSilicoRNA-server - S 306|R1290,0.07037037037037037,GeneSilicoRNA-server - S 306,R1290
331,GeneSilicoRNA-server - S 306|R1291,0.35615079365079366,GeneSilicoRNA-server - S 306,R1291
332,GeneSilicoRNA-server - S 306|R1293,0.5,GeneSilicoRNA-server - S 306,R1293
333,GeneSilicoRNA-server - S 306|R1296,,GeneSilicoRNA-server - S 306,R1296
334,GromihaLab - 272|R1203,,GromihaLab - 272,R1203
335,GromihaLab - 272|R1205,0.0,GromihaLab - 272,R1205
336,GromihaLab - 272|R1209,,GromihaLab - 272,R1209
337,GromihaLab - 272|R1211,0.0,GromihaLab - 272,R1211
338,GromihaLab - 272|R1212,,GromihaLab - 272,R1212
339,GromihaLab - 272|R1224s2,0.6784580498866213,GromihaLab - 272,R1224s2
340,GromihaLab - 272|R1224s3,1.0,GromihaLab - 272,R1224s3
341,GromihaLab - 272|R1241,0.8597222222222222,GromihaLab - 272,R1241
342,GromihaLab - 272|R1242,0.21666666666666665,GromihaLab - 272,R1242
343,GromihaLab - 272|R1248,0.27777777777777773,GromihaLab - 272,R1248
344,GromihaLab - 272|R1252,0.47619047619047616,GromihaLab - 272,R1252
345,GromihaLab - 272|R1253v1,0.31363636363636366,GromihaLab - 272,R1253v1
346,GromihaLab - 272|R1253v2,0.31363636363636366,GromihaLab - 272,R1253v2
347,GromihaLab - 272|R1254,0.2222222222222222,GromihaLab - 272,R1254
348,GromihaLab - 272|R1255,0.6666666666666666,GromihaLab - 272,R1255
349,GromihaLab - 272|R1256,0.0,GromihaLab - 272,R1256
350,GromihaLab - 272|R1261,,GromihaLab - 272,R1261
351,GromihaLab - 272|R1262,,GromihaLab - 272,R1262
352,GromihaLab - 272|R1263,0.5,GromihaLab - 272,R1263
353,GromihaLab - 272|R1264,1.0,GromihaLab - 272,R1264
354,GromihaLab - 272|R1271,0.5333333333333333,GromihaLab - 272,R1271
355,GromihaLab - 272|R1281,0.3529411764705882,GromihaLab - 272,R1281
356,GromihaLab - 272|R1283v1,0.6,GromihaLab - 272,R1283v1
357,GromihaLab - 272|R1286,0.08791208791208792,GromihaLab - 272,R1286
358,GromihaLab - 272|R1288,1.0,GromihaLab - 272,R1288
359,GromihaLab - 272|R1289,0.9818181818181818,GromihaLab - 272,R1289
360,GromihaLab - 272|R1290,0.814484126984127,GromihaLab - 272,R1290
361,GromihaLab - 272|R1291,0.9183201058201057,GromihaLab - 272,R1291
362,GromihaLab - 272|R1293,0.0,GromihaLab - 272,R1293
363,GromihaLab - 272|R1296,,GromihaLab - 272,R1296
364,GuangzhouRNA-human - 183|R1203,,GuangzhouRNA-human - 183,R1203
365,GuangzhouRNA-human - 183|R1205,0.0,GuangzhouRNA-human - 183,R1205
366,GuangzhouRNA-human - 183|R1209,,GuangzhouRNA-human - 183,R1209
367,GuangzhouRNA-human - 183|R1211,0.0,GuangzhouRNA-human - 183,R1211
368,GuangzhouRNA-human - 183|R1212,,GuangzhouRNA-human - 183,R1212
369,GuangzhouRNA-human - 183|R1221s2,0.6518518518518518,GuangzhouRNA-human - 183,R1221s2
370,GuangzhouRNA-human - 183|R1221s3,,GuangzhouRNA-human - 183,R1221s3
371,GuangzhouRNA-human - 183|R1224s2,0.6133786848072562,GuangzhouRNA-human - 183,R1224s2
372,GuangzhouRNA-human - 183|R1224s3,1.0,GuangzhouRNA-human - 183,R1224s3
373,GuangzhouRNA-human - 183|R1241,0.7847222222222222,GuangzhouRNA-human - 183,R1241
374,GuangzhouRNA-human - 183|R1242,0.25666666666666665,GuangzhouRNA-human - 183,R1242
375,GuangzhouRNA-human - 183|R1248,0.1111111111111111,GuangzhouRNA-human - 183,R1248
376,GuangzhouRNA-human - 183|R1250,0.12142857142857144,GuangzhouRNA-human - 183,R1250
377,GuangzhouRNA-human - 183|R1251,0.3315018315018315,GuangzhouRNA-human - 183,R1251
378,GuangzhouRNA-human - 183|R1252,0.51996151996152,GuangzhouRNA-human - 183,R1252
379,GuangzhouRNA-human - 183|R1253v1,0.3611111111111111,GuangzhouRNA-human - 183,R1253v1
380,GuangzhouRNA-human - 183|R1253v2,0.41919191919191917,GuangzhouRNA-human - 183,R1253v2
381,GuangzhouRNA-human - 183|R1254,0.3333333333333333,GuangzhouRNA-human - 183,R1254
382,GuangzhouRNA-human - 183|R1255,0.3333333333333333,GuangzhouRNA-human - 183,R1255
383,GuangzhouRNA-human - 183|R1256,0.26666666666666666,GuangzhouRNA-human - 183,R1256
384,GuangzhouRNA-human - 183|R1261,,GuangzhouRNA-human - 183,R1261
385,GuangzhouRNA-human - 183|R1262,,GuangzhouRNA-human - 183,R1262
386,GuangzhouRNA-human - 183|R1263,1.0,GuangzhouRNA-human - 183,R1263
387,GuangzhouRNA-human - 183|R1264,1.0,GuangzhouRNA-human - 183,R1264
388,GuangzhouRNA-human - 183|R1271,0.5333333333333333,GuangzhouRNA-human - 183,R1271
389,GuangzhouRNA-human - 183|R1281,0.9782608695652174,GuangzhouRNA-human - 183,R1281
390,GuangzhouRNA-human - 183|R1283v1,0.5466666666666666,GuangzhouRNA-human - 183,R1283v1
391,GuangzhouRNA-human - 183|R1285,0.2653061224489796,GuangzhouRNA-human - 183,R1285
392,GuangzhouRNA-human - 183|R1286,0.25627705627705627,GuangzhouRNA-human - 183,R1286
393,GuangzhouRNA-human - 183|R1288,1.0,GuangzhouRNA-human - 183,R1288
394,GuangzhouRNA-human - 183|R1289,0.8818181818181818,GuangzhouRNA-human - 183,R1289
395,GuangzhouRNA-human - 183|R1290,0.9166666666666666,GuangzhouRNA-human - 183,R1290
396,GuangzhouRNA-human - 183|R1291,0.6746031746031745,GuangzhouRNA-human - 183,R1291
397,GuangzhouRNA-human - 183|R1293,1.0,GuangzhouRNA-human - 183,R1293
398,GuangzhouRNA-human - 183|R1296,,GuangzhouRNA-human - 183,R1296
399,GuangzhouRNA-meta - 417|R1203,,GuangzhouRNA-meta - 417,R1203
400,GuangzhouRNA-meta - 417|R1205,0.0,GuangzhouRNA-meta - 417,R1205
401,GuangzhouRNA-meta - 417|R1209,,GuangzhouRNA-meta - 417,R1209
402,GuangzhouRNA-meta - 417|R1211,0.0,GuangzhouRNA-meta - 417,R1211
403,GuangzhouRNA-meta - 417|R1212,,GuangzhouRNA-meta - 417,R1212
404,GuangzhouRNA-meta - 417|R1221s2,0.6801346801346801,GuangzhouRNA-meta - 417,R1221s2
405,GuangzhouRNA-meta - 417|R1221s3,,GuangzhouRNA-meta - 417,R1221s3
406,GuangzhouRNA-meta - 417|R1224s2,0.7063492063492064,GuangzhouRNA-meta - 417,R1224s2
407,GuangzhouRNA-meta - 417|R1224s3,1.0,GuangzhouRNA-meta - 417,R1224s3
408,GuangzhouRNA-meta - 417|R1241,0.8680555555555555,GuangzhouRNA-meta - 417,R1241
409,GuangzhouRNA-meta - 417|R1242,0.25666666666666665,GuangzhouRNA-meta - 417,R1242
410,GuangzhouRNA-meta - 417|R1248,0.14285714285714285,GuangzhouRNA-meta - 417,R1248
411,GuangzhouRNA-meta - 417|R1250,0.10555555555555557,GuangzhouRNA-meta - 417,R1250
412,GuangzhouRNA-meta - 417|R1251,0.43014128728414436,GuangzhouRNA-meta - 417,R1251
413,GuangzhouRNA-meta - 417|R1252,0.6357346357346357,GuangzhouRNA-meta - 417,R1252
414,GuangzhouRNA-meta - 417|R1253v1,0.22474747474747472,GuangzhouRNA-meta - 417,R1253v1
415,GuangzhouRNA-meta - 417|R1253v2,0.3055555555555555,GuangzhouRNA-meta - 417,R1253v2
416,GuangzhouRNA-meta - 417|R1254,0.35555555555555557,GuangzhouRNA-meta - 417,R1254
417,GuangzhouRNA-meta - 417|R1255,0.3333333333333333,GuangzhouRNA-meta - 417,R1255
418,GuangzhouRNA-meta - 417|R1256,0.0,GuangzhouRNA-meta - 417,R1256
419,GuangzhouRNA-meta - 417|R1261,,GuangzhouRNA-meta - 417,R1261
420,GuangzhouRNA-meta - 417|R1262,,GuangzhouRNA-meta - 417,R1262
421,GuangzhouRNA-meta - 417|R1263,0.5,GuangzhouRNA-meta - 417,R1263
422,GuangzhouRNA-meta - 417|R1264,1.0,GuangzhouRNA-meta - 417,R1264
423,GuangzhouRNA-meta - 417|R1271,0.5333333333333333,GuangzhouRNA-meta - 417,R1271
424,GuangzhouRNA-meta - 417|R1281,0.15384615384615385,GuangzhouRNA-meta - 417,R1281
425,GuangzhouRNA-meta - 417|R1283v1,0.48,GuangzhouRNA-meta - 417,R1283v1
426,GuangzhouRNA-meta - 417|R1285,0.2857142857142857,GuangzhouRNA-meta - 417,R1285
427,GuangzhouRNA-meta - 417|R1286,0.1753246753246753,GuangzhouRNA-meta - 417,R1286
428,GuangzhouRNA-meta - 417|R1288,1.0,GuangzhouRNA-meta - 417,R1288
429,GuangzhouRNA-meta - 417|R1289,0.9636363636363636,GuangzhouRNA-meta - 417,R1289
430,GuangzhouRNA-meta - 417|R1290,0.7113095238095238,GuangzhouRNA-meta - 417,R1290
431,GuangzhouRNA-meta - 417|R1291,0.9317460317460317,GuangzhouRNA-meta - 417,R1291
432,GuangzhouRNA-meta - 417|R1293,0.0,GuangzhouRNA-meta - 417,R1293
433,GuangzhouRNA-meta - 417|R1296,,GuangzhouRNA-meta - 417,R1296
434,GuangzhouRNA_AI - 317|R1203,,GuangzhouRNA_AI - 317,R1203
435,GuangzhouRNA_AI - 317|R1205,0.0,GuangzhouRNA_AI - 317,R1205
436,GuangzhouRNA_AI - 317|R1209,,GuangzhouRNA_AI - 317,R1209
437,GuangzhouRNA_AI - 317|R1211,0.0,GuangzhouRNA_AI - 317,R1211
438,GuangzhouRNA_AI - 317|R1212,,GuangzhouRNA_AI - 317,R1212
439,GuangzhouRNA_AI - 317|R1221s2,0.044444444444444446,GuangzhouRNA_AI - 317,R1221s2
440,GuangzhouRNA_AI - 317|R1221s3,,GuangzhouRNA_AI - 317,R1221s3
441,GuangzhouRNA_AI - 317|R1224s2,0.0,GuangzhouRNA_AI - 317,R1224s2
442,GuangzhouRNA_AI - 317|R1224s3,1.0,GuangzhouRNA_AI - 317,R1224s3
443,GuangzhouRNA_AI - 317|R1241,0.7847222222222222,GuangzhouRNA_AI - 317,R1241
444,GuangzhouRNA_AI - 317|R1242,0.06666666666666667,GuangzhouRNA_AI - 317,R1242
445,GuangzhouRNA_AI - 317|R1248,0.1111111111111111,GuangzhouRNA_AI - 317,R1248
446,GuangzhouRNA_AI - 317|R1250,0.08333333333333333,GuangzhouRNA_AI - 317,R1250
447,GuangzhouRNA_AI - 317|R1251,0.29472789115646264,GuangzhouRNA_AI - 317,R1251
448,GuangzhouRNA_AI - 317|R1252,0.5111111111111111,GuangzhouRNA_AI - 317,R1252
449,GuangzhouRNA_AI - 317|R1253v1,0.3636363636363636,GuangzhouRNA_AI - 317,R1253v1
450,GuangzhouRNA_AI - 317|R1253v2,0.3636363636363636,GuangzhouRNA_AI - 317,R1253v2
451,GuangzhouRNA_AI - 317|R1254,0.0,GuangzhouRNA_AI - 317,R1254
452,GuangzhouRNA_AI - 317|R1255,0.6666666666666666,GuangzhouRNA_AI - 317,R1255
453,GuangzhouRNA_AI - 317|R1256,0.5,GuangzhouRNA_AI - 317,R1256
454,GuangzhouRNA_AI - 317|R1261,,GuangzhouRNA_AI - 317,R1261
455,GuangzhouRNA_AI - 317|R1262,,GuangzhouRNA_AI - 317,R1262
456,GuangzhouRNA_AI - 317|R1263,0.5,GuangzhouRNA_AI - 317,R1263
457,GuangzhouRNA_AI - 317|R1264,1.0,GuangzhouRNA_AI - 317,R1264
458,GuangzhouRNA_AI - 317|R1271,0.3333333333333333,GuangzhouRNA_AI - 317,R1271
459,GuangzhouRNA_AI - 317|R1281,0.0,GuangzhouRNA_AI - 317,R1281
460,GuangzhouRNA_AI - 317|R1283v1,0.2,GuangzhouRNA_AI - 317,R1283v1
461,GuangzhouRNA_AI - 317|R1285,0.32857142857142857,GuangzhouRNA_AI - 317,R1285
462,GuangzhouRNA_AI - 317|R1286,0.09523809523809522,GuangzhouRNA_AI - 317,R1286
463,GuangzhouRNA_AI - 317|R1288,1.0,GuangzhouRNA_AI - 317,R1288
464,GuangzhouRNA_AI - 317|R1289,0.2812698412698413,GuangzhouRNA_AI - 317,R1289
465,GuangzhouRNA_AI - 317|R1290,0.027777777777777776,GuangzhouRNA_AI - 317,R1290
466,GuangzhouRNA_AI - 317|R1291,0.17777777777777778,GuangzhouRNA_AI - 317,R1291
467,GuangzhouRNA_AI - 317|R1293,0.5,GuangzhouRNA_AI - 317,R1293
468,GuangzhouRNA_AI - 317|R1296,,GuangzhouRNA_AI - 317,R1296
469,KiharaLab - 294|R1203,,KiharaLab - 294,R1203
470,KiharaLab - 294|R1205,0.0,KiharaLab - 294,R1205
471,KiharaLab - 294|R1209,,KiharaLab - 294,R1209
472,KiharaLab - 294|R1211,0.0,KiharaLab - 294,R1211
473,KiharaLab - 294|R1212,,KiharaLab - 294,R1212
474,KiharaLab - 294|R1221s2,0.8396788396788397,KiharaLab - 294,R1221s2
475,KiharaLab - 294|R1221s3,,KiharaLab - 294,R1221s3
476,KiharaLab - 294|R1224s2,0.7641723356009071,KiharaLab - 294,R1224s2
477,KiharaLab - 294|R1224s3,1.0,KiharaLab - 294,R1224s3
478,KiharaLab - 294|R1241,0.8680555555555555,KiharaLab - 294,R1241
479,KiharaLab - 294|R1242,0.41666666666666663,KiharaLab - 294,R1242
480,KiharaLab - 294|R1248,0.1111111111111111,KiharaLab - 294,R1248
481,KiharaLab - 294|R1250,0.13333333333333333,KiharaLab - 294,R1250
482,KiharaLab - 294|R1251,0.48656898656898656,KiharaLab - 294,R1251
483,KiharaLab - 294|R1252,0.47619047619047616,KiharaLab - 294,R1252
484,KiharaLab - 294|R1253v1,0.24603174603174602,KiharaLab - 294,R1253v1
485,KiharaLab - 294|R1253v2,0.3611111111111111,KiharaLab - 294,R1253v2
486,KiharaLab - 294|R1254,0.49523809523809526,KiharaLab - 294,R1254
487,KiharaLab - 294|R1255,0.6666666666666666,KiharaLab - 294,R1255
488,KiharaLab - 294|R1256,0.16666666666666666,KiharaLab - 294,R1256
489,KiharaLab - 294|R1261,,KiharaLab - 294,R1261
490,KiharaLab - 294|R1262,,KiharaLab - 294,R1262
491,KiharaLab - 294|R1263,1.0,KiharaLab - 294,R1263
492,KiharaLab - 294|R1264,1.0,KiharaLab - 294,R1264
493,KiharaLab - 294|R1271,0.5333333333333333,KiharaLab - 294,R1271
494,KiharaLab - 294|R1281,0.33333333333333326,KiharaLab - 294,R1281
495,KiharaLab - 294|R1283v1,0.5466666666666666,KiharaLab - 294,R1283v1
496,KiharaLab - 294|R1285,0.2653061224489796,KiharaLab - 294,R1285
497,KiharaLab - 294|R1286,0.1753246753246753,KiharaLab - 294,R1286
498,KiharaLab - 294|R1288,1.0,KiharaLab - 294,R1288
499,KiharaLab - 294|R1289,0.9818181818181818,KiharaLab - 294,R1289
500,KiharaLab - 294|R1290,0.9166666666666666,KiharaLab - 294,R1290
501,KiharaLab - 294|R1291,0.915079365079365,KiharaLab - 294,R1291
502,KiharaLab - 294|R1293,0.5,KiharaLab - 294,R1293
503,KiharaLab - 294|R1296,,KiharaLab - 294,R1296
504,LCBio - 189|R1203,,LCBio - 189,R1203
505,LCBio - 189|R1205,0.0,LCBio - 189,R1205
506,LCBio - 189|R1209,,LCBio - 189,R1209
507,LCBio - 189|R1211,1.0,LCBio - 189,R1211
508,LCBio - 189|R1224s2,0.09523809523809523,LCBio - 189,R1224s2
509,LCBio - 189|R1224s3,0.6666666666666666,LCBio - 189,R1224s3
510,LCBio - 189|R1241,0.8513888888888889,LCBio - 189,R1241
511,LCBio - 189|R1242,0.36333333333333334,LCBio - 189,R1242
512,LCBio - 189|R1248,0.30952380952380953,LCBio - 189,R1248
513,LCBio - 189|R1250,0.15625,LCBio - 189,R1250
514,LCBio - 189|R1252,0.48148148148148145,LCBio - 189,R1252
515,LCBio - 189|R1253v1,0.24603174603174602,LCBio - 189,R1253v1
516,LCBio - 189|R1253v2,0.24603174603174602,LCBio - 189,R1253v2
517,LCBio - 189|R1254,0.27777777777777773,LCBio - 189,R1254
518,LCBio - 189|R1255,0.3333333333333333,LCBio - 189,R1255
519,LCBio - 189|R1256,0.5,LCBio - 189,R1256
520,LCBio - 189|R1261,,LCBio - 189,R1261
521,LCBio - 189|R1262,,LCBio - 189,R1262
522,LCBio - 189|R1263,1.0,LCBio - 189,R1263
523,LCBio - 189|R1264,1.0,LCBio - 189,R1264
524,LCBio - 189|R1271,0.5333333333333333,LCBio - 189,R1271
525,LCBio - 189|R1281,0.9782608695652174,LCBio - 189,R1281
526,LCBio - 189|R1283v1,0.4133333333333333,LCBio - 189,R1283v1
527,LCBio - 189|R1285,0.2653061224489796,LCBio - 189,R1285
528,LCBio - 189|R1286,0.34199134199134196,LCBio - 189,R1286
529,LCBio - 189|R1290,0.7678571428571428,LCBio - 189,R1290
530,LCBio - 189|R1291,0.9228174603174604,LCBio - 189,R1291
531,LCBio - 189|R1293,0.5,LCBio - 189,R1293
532,LCBio - 189|R1296,,LCBio - 189,R1296
533,MIEnsembles-Server - S 110|R1203,,MIEnsembles-Server - S 110,R1203
534,MIEnsembles-Server - S 110|R1205,0.0,MIEnsembles-Server - S 110,R1205
535,MIEnsembles-Server - S 110|R1209,,MIEnsembles-Server - S 110,R1209
536,MIEnsembles-Server - S 110|R1211,0.0,MIEnsembles-Server - S 110,R1211
537,MIEnsembles-Server - S 110|R1212,,MIEnsembles-Server - S 110,R1212
538,MIEnsembles-Server - S 110|R1221s2,0.0,MIEnsembles-Server - S 110,R1221s2
539,MIEnsembles-Server - S 110|R1221s3,,MIEnsembles-Server - S 110,R1221s3
540,MIEnsembles-Server - S 110|R1224s2,0.0,MIEnsembles-Server - S 110,R1224s2
541,MIEnsembles-Server - S 110|R1224s3,1.0,MIEnsembles-Server - S 110,R1224s3
542,MIEnsembles-Server - S 110|R1241,0.8680555555555555,MIEnsembles-Server - S 110,R1241
543,MIEnsembles-Server - S 110|R1242,0.0,MIEnsembles-Server - S 110,R1242
544,MIEnsembles-Server - S 110|R1248,0.0,MIEnsembles-Server - S 110,R1248
545,MIEnsembles-Server - S 110|R1250,0.16458333333333333,MIEnsembles-Server - S 110,R1250
546,MIEnsembles-Server - S 110|R1251,0.3682365253793825,MIEnsembles-Server - S 110,R1251
547,MIEnsembles-Server - S 110|R1252,0.5079365079365079,MIEnsembles-Server - S 110,R1252
548,MIEnsembles-Server - S 110|R1253v1,0.24786324786324784,MIEnsembles-Server - S 110,R1253v1
549,MIEnsembles-Server - S 110|R1253v2,0.25,MIEnsembles-Server - S 110,R1253v2
550,MIEnsembles-Server - S 110|R1254,0.5,MIEnsembles-Server - S 110,R1254
551,MIEnsembles-Server - S 110|R1255,0.6666666666666666,MIEnsembles-Server - S 110,R1255
552,MIEnsembles-Server - S 110|R1256,0.0,MIEnsembles-Server - S 110,R1256
553,MIEnsembles-Server - S 110|R1261,,MIEnsembles-Server - S 110,R1261
554,MIEnsembles-Server - S 110|R1262,,MIEnsembles-Server - S 110,R1262
555,MIEnsembles-Server - S 110|R1263,1.0,MIEnsembles-Server - S 110,R1263
556,MIEnsembles-Server - S 110|R1264,1.0,MIEnsembles-Server - S 110,R1264
557,MIEnsembles-Server - S 110|R1271,0.5333333333333333,MIEnsembles-Server - S 110,R1271
558,MIEnsembles-Server - S 110|R1281,0.3684210526315789,MIEnsembles-Server - S 110,R1281
559,MIEnsembles-Server - S 110|R1283v1,0.38,MIEnsembles-Server - S 110,R1283v1
560,MIEnsembles-Server - S 110|R1285,0.2857142857142857,MIEnsembles-Server - S 110,R1285
561,MIEnsembles-Server - S 110|R1286,0.1991341991341991,MIEnsembles-Server - S 110,R1286
562,MIEnsembles-Server - S 110|R1288,1.0,MIEnsembles-Server - S 110,R1288
563,MIEnsembles-Server - S 110|R1289,0.9818181818181818,MIEnsembles-Server - S 110,R1289
564,MIEnsembles-Server - S 110|R1290,0.8234126984126985,MIEnsembles-Server - S 110,R1290
565,MIEnsembles-Server - S 110|R1291,0.9391534391534391,MIEnsembles-Server - S 110,R1291
566,MIEnsembles-Server - S 110|R1293,0.5,MIEnsembles-Server - S 110,R1293
567,MIEnsembles-Server - S 110|R1296,,MIEnsembles-Server - S 110,R1296
568,NKRNA-s - S 028|R1203,,NKRNA-s - S 028,R1203
569,NKRNA-s - S 028|R1205,0.0,NKRNA-s - S 028,R1205
570,NKRNA-s - S 028|R1209,,NKRNA-s - S 028,R1209
571,NKRNA-s - S 028|R1211,0.0,NKRNA-s - S 028,R1211
572,NKRNA-s - S 028|R1212,,NKRNA-s - S 028,R1212
573,NKRNA-s - S 028|R1221s2,0.0,NKRNA-s - S 028,R1221s2
574,NKRNA-s - S 028|R1221s3,,NKRNA-s - S 028,R1221s3
575,NKRNA-s - S 028|R1224s2,0.0,NKRNA-s - S 028,R1224s2
576,NKRNA-s - S 028|R1224s3,1.0,NKRNA-s - S 028,R1224s3
577,NKRNA-s - S 028|R1241,0.8513888888888889,NKRNA-s - S 028,R1241
578,NKRNA-s - S 028|R1242,0.0,NKRNA-s - S 028,R1242
579,NKRNA-s - S 028|R1248,0.0,NKRNA-s - S 028,R1248
580,NKRNA-s - S 028|R1250,0.17708333333333331,NKRNA-s - S 028,R1250
581,NKRNA-s - S 028|R1251,0.3682365253793825,NKRNA-s - S 028,R1251
582,NKRNA-s - S 028|R1252,0.5687830687830687,NKRNA-s - S 028,R1252
583,NKRNA-s - S 028|R1253v1,0.22167277167277166,NKRNA-s - S 028,R1253v1
584,NKRNA-s - S 028|R1253v2,0.25555555555555554,NKRNA-s - S 028,R1253v2
585,NKRNA-s - S 028|R1254,0.5222222222222223,NKRNA-s - S 028,R1254
586,NKRNA-s - S 028|R1255,0.3333333333333333,NKRNA-s - S 028,R1255
587,NKRNA-s - S 028|R1256,0.16666666666666666,NKRNA-s - S 028,R1256
588,NKRNA-s - S 028|R1261,,NKRNA-s - S 028,R1261
589,NKRNA-s - S 028|R1262,,NKRNA-s - S 028,R1262
590,NKRNA-s - S 028|R1263,1.0,NKRNA-s - S 028,R1263
591,NKRNA-s - S 028|R1264,1.0,NKRNA-s - S 028,R1264
592,NKRNA-s - S 028|R1271,0.5333333333333333,NKRNA-s - S 028,R1271
593,NKRNA-s - S 028|R1281,0.3684210526315789,NKRNA-s - S 028,R1281
594,NKRNA-s - S 028|R1283v1,0.27999999999999997,NKRNA-s - S 028,R1283v1
595,NKRNA-s - S 028|R1285,0.40816326530612246,NKRNA-s - S 028,R1285
596,NKRNA-s - S 028|R1286,0.1991341991341991,NKRNA-s - S 028,R1286
597,NKRNA-s - S 028|R1288,1.0,NKRNA-s - S 028,R1288
598,NKRNA-s - S 028|R1289,0.9818181818181818,NKRNA-s - S 028,R1289
599,NKRNA-s - S 028|R1290,0.8263888888888888,NKRNA-s - S 028,R1290
600,NKRNA-s - S 028|R1291,0.9315776815776816,NKRNA-s - S 028,R1291
601,NKRNA-s - S 028|R1293,0.5,NKRNA-s - S 028,R1293
602,NKRNA-s - S 028|R1296,,NKRNA-s - S 028,R1296
603,OpenComplex - 167|R1203,,OpenComplex - 167,R1203
604,OpenComplex - 167|R1205,0.0,OpenComplex - 167,R1205
605,OpenComplex - 167|R1209,,OpenComplex - 167,R1209
606,OpenComplex - 167|R1211,0.0,OpenComplex - 167,R1211
607,OpenComplex - 167|R1212,,OpenComplex - 167,R1212
608,OpenComplex - 167|R1221s2,0.7550227550227551,OpenComplex - 167,R1221s2
609,OpenComplex - 167|R1221s3,,OpenComplex - 167,R1221s3
610,OpenComplex - 167|R1224s2,0.6927437641723356,OpenComplex - 167,R1224s2
611,OpenComplex - 167|R1224s3,1.0,OpenComplex - 167,R1224s3
612,OpenComplex - 167|R1241,0.8513888888888889,OpenComplex - 167,R1241
613,OpenComplex - 167|R1242,0.20666666666666664,OpenComplex - 167,R1242
614,OpenComplex - 167|R1248,0.1111111111111111,OpenComplex - 167,R1248
615,OpenComplex - 167|R1250,0.21071428571428572,OpenComplex - 167,R1250
616,OpenComplex - 167|R1251,0.45814899386327956,OpenComplex - 167,R1251
617,OpenComplex - 167|R1252,0.5740740740740741,OpenComplex - 167,R1252
618,OpenComplex - 167|R1253v1,0.2438949938949939,OpenComplex - 167,R1253v1
619,OpenComplex - 167|R1253v2,0.3125,OpenComplex - 167,R1253v2
620,OpenComplex - 167|R1255,0.3333333333333333,OpenComplex - 167,R1255
621,OpenComplex - 167|R1256,0.0,OpenComplex - 167,R1256
622,OpenComplex - 167|R1261,,OpenComplex - 167,R1261
623,OpenComplex - 167|R1262,,OpenComplex - 167,R1262
624,OpenComplex - 167|R1263,0.0,OpenComplex - 167,R1263
625,OpenComplex - 167|R1264,0.0,OpenComplex - 167,R1264
626,OpenComplex - 167|R1271,0.5333333333333333,OpenComplex - 167,R1271
627,OpenComplex - 167|R1281,0.25000000000000006,OpenComplex - 167,R1281
628,OpenComplex - 167|R1283v1,0.5466666666666666,OpenComplex - 167,R1283v1
629,OpenComplex - 167|R1285,0.40816326530612246,OpenComplex - 167,R1285
630,OpenComplex - 167|R1286,0.29437229437229434,OpenComplex - 167,R1286
631,OpenComplex - 167|R1288,1.0,OpenComplex - 167,R1288
632,OpenComplex - 167|R1289,0.9525252525252526,OpenComplex - 167,R1289
633,OpenComplex - 167|R1290,0.8327020202020202,OpenComplex - 167,R1290
634,OpenComplex - 167|R1291,0.814484126984127,OpenComplex - 167,R1291
635,OpenComplex - 167|R1293,0.5,OpenComplex - 167,R1293
636,OpenComplex - 167|R1296,,OpenComplex - 167,R1296
637,OpenComplex_Server - S 450|R1203,,OpenComplex_Server - S 450,R1203
638,OpenComplex_Server - S 450|R1205,0.0,OpenComplex_Server - S 450,R1205
639,OpenComplex_Server - S 450|R1209,,OpenComplex_Server - S 450,R1209
640,OpenComplex_Server - S 450|R1211,0.0,OpenComplex_Server - S 450,R1211
641,OpenComplex_Server - S 450|R1212,,OpenComplex_Server - S 450,R1212
642,OpenComplex_Server - S 450|R1221s2,0.8396788396788397,OpenComplex_Server - S 450,R1221s2
643,OpenComplex_Server - S 450|R1221s3,,OpenComplex_Server - S 450,R1221s3
644,OpenComplex_Server - S 450|R1224s2,0.645124716553288,OpenComplex_Server - S 450,R1224s2
645,OpenComplex_Server - S 450|R1224s3,1.0,OpenComplex_Server - S 450,R1224s3
646,OpenComplex_Server - S 450|R1241,0.8513888888888889,OpenComplex_Server - S 450,R1241
647,OpenComplex_Server - S 450|R1242,0.20666666666666664,OpenComplex_Server - S 450,R1242
648,OpenComplex_Server - S 450|R1248,0.1111111111111111,OpenComplex_Server - S 450,R1248
649,OpenComplex_Server - S 450|R1250,0.21071428571428572,OpenComplex_Server - S 450,R1250
650,OpenComplex_Server - S 450|R1251,0.45814899386327956,OpenComplex_Server - S 450,R1251
651,OpenComplex_Server - S 450|R1252,0.5740740740740741,OpenComplex_Server - S 450,R1252
652,OpenComplex_Server - S 450|R1253v1,0.2438949938949939,OpenComplex_Server - S 450,R1253v1
653,OpenComplex_Server - S 450|R1253v2,0.3125,OpenComplex_Server - S 450,R1253v2
654,OpenComplex_Server - S 450|R1255,0.6666666666666666,OpenComplex_Server - S 450,R1255
655,OpenComplex_Server - S 450|R1256,0.0,OpenComplex_Server - S 450,R1256
656,OpenComplex_Server - S 450|R1261,,OpenComplex_Server - S 450,R1261
657,OpenComplex_Server - S 450|R1262,,OpenComplex_Server - S 450,R1262
658,OpenComplex_Server - S 450|R1263,0.0,OpenComplex_Server - S 450,R1263
659,OpenComplex_Server - S 450|R1264,1.0,OpenComplex_Server - S 450,R1264
660,OpenComplex_Server - S 450|R1271,0.6,OpenComplex_Server - S 450,R1271
661,OpenComplex_Server - S 450|R1283v1,0.5466666666666666,OpenComplex_Server - S 450,R1283v1
662,OpenComplex_Server - S 450|R1285,0.40816326530612246,OpenComplex_Server - S 450,R1285
663,OpenComplex_Server - S 450|R1286,0.29437229437229434,OpenComplex_Server - S 450,R1286
664,OpenComplex_Server - S 450|R1288,1.0,OpenComplex_Server - S 450,R1288
665,OpenComplex_Server - S 450|R1289,0.9525252525252526,OpenComplex_Server - S 450,R1289
666,OpenComplex_Server - S 450|R1290,0.8327020202020202,OpenComplex_Server - S 450,R1290
667,OpenComplex_Server - S 450|R1291,0.814484126984127,OpenComplex_Server - S 450,R1291
668,OpenComplex_Server - S 450|R1293,0.5,OpenComplex_Server - S 450,R1293
669,OpenComplex_Server - S 450|R1296,,OpenComplex_Server - S 450,R1296
670,RNAFOLDX - 435|R1203,,RNAFOLDX - 435,R1203
671,RNAFOLDX - 435|R1205,0.0,RNAFOLDX - 435,R1205
672,RNAFOLDX - 435|R1209,,RNAFOLDX - 435,R1209
673,RNAFOLDX - 435|R1211,0.0,RNAFOLDX - 435,R1211
674,RNAFOLDX - 435|R1212,,RNAFOLDX - 435,R1212
675,RNAFOLDX - 435|R1221s2,0.7171717171717171,RNAFOLDX - 435,R1221s2
676,RNAFOLDX - 435|R1221s3,,RNAFOLDX - 435,R1221s3
677,RNAFOLDX - 435|R1224s2,0.6784580498866213,RNAFOLDX - 435,R1224s2
678,RNAFOLDX - 435|R1224s3,1.0,RNAFOLDX - 435,R1224s3
679,RNAFOLDX - 435|R1241,0.8513888888888889,RNAFOLDX - 435,R1241
680,RNAFOLDX - 435|R1242,0.25,RNAFOLDX - 435,R1242
681,RNAFOLDX - 435|R1248,0.4761904761904761,RNAFOLDX - 435,R1248
682,RNAFOLDX - 435|R1250,0.16458333333333333,RNAFOLDX - 435,R1250
683,RNAFOLDX - 435|R1251,0.4285190999476714,RNAFOLDX - 435,R1251
684,RNAFOLDX - 435|R1252,0.5432098765432098,RNAFOLDX - 435,R1252
685,RNAFOLDX - 435|R1253v1,0.37222222222222223,RNAFOLDX - 435,R1253v1
686,RNAFOLDX - 435|R1253v2,0.37222222222222223,RNAFOLDX - 435,R1253v2
687,RNAFOLDX - 435|R1255,0.6666666666666666,RNAFOLDX - 435,R1255
688,RNAFOLDX - 435|R1256,0.5,RNAFOLDX - 435,R1256
689,RNAFOLDX - 435|R1261,,RNAFOLDX - 435,R1261
690,RNAFOLDX - 435|R1262,,RNAFOLDX - 435,R1262
691,RNAFOLDX - 435|R1263,0.5,RNAFOLDX - 435,R1263
692,RNAFOLDX - 435|R1264,1.0,RNAFOLDX - 435,R1264
693,RNAFOLDX - 435|R1271,0.5333333333333333,RNAFOLDX - 435,R1271
694,RNAFOLDX - 435|R1281,0.3888888888888889,RNAFOLDX - 435,R1281
695,RNAFOLDX - 435|R1283v1,0.5333333333333333,RNAFOLDX - 435,R1283v1
696,RNAFOLDX - 435|R1285,0.2857142857142857,RNAFOLDX - 435,R1285
697,RNAFOLDX - 435|R1286,0.21428571428571427,RNAFOLDX - 435,R1286
698,RNAFOLDX - 435|R1288,1.0,RNAFOLDX - 435,R1288
699,RNAFOLDX - 435|R1289,0.9818181818181818,RNAFOLDX - 435,R1289
700,RNAFOLDX - 435|R1290,0.8263888888888888,RNAFOLDX - 435,R1290
701,RNAFOLDX - 435|R1291,0.9391534391534391,RNAFOLDX - 435,R1291
702,RNAFOLDX - 435|R1293,0.5,RNAFOLDX - 435,R1293
703,RNAFOLDX - 435|R1296,,RNAFOLDX - 435,R1296
704,RNA_Dojo - 006|R1203,,RNA_Dojo - 006,R1203
705,RNA_Dojo - 006|R1205,0.0,RNA_Dojo - 006,R1205
706,RNA_Dojo - 006|R1209,,RNA_Dojo - 006,R1209
707,RNA_Dojo - 006|R1211,0.0,RNA_Dojo - 006,R1211
708,RNA_Dojo - 006|R1212,,RNA_Dojo - 006,R1212
709,RNA_Dojo - 006|R1221s2,0.674074074074074,RNA_Dojo - 006,R1221s2
710,RNA_Dojo - 006|R1221s3,,RNA_Dojo - 006,R1221s3
711,RNA_Dojo - 006|R1224s2,0.4251700680272109,RNA_Dojo - 006,R1224s2
712,RNA_Dojo - 006|R1224s3,0.6666666666666666,RNA_Dojo - 006,R1224s3
713,RNA_Dojo - 006|R1241,0.8587962962962963,RNA_Dojo - 006,R1241
714,RNA_Dojo - 006|R1242,0.05,RNA_Dojo - 006,R1242
715,RNA_Dojo - 006|R1248,0.0,RNA_Dojo - 006,R1248
716,RNA_Dojo - 006|R1255,0.6666666666666666,RNA_Dojo - 006,R1255
717,RNA_Dojo - 006|R1256,0.3333333333333333,RNA_Dojo - 006,R1256
718,RNA_Dojo - 006|R1261,,RNA_Dojo - 006,R1261
719,RNA_Dojo - 006|R1262,,RNA_Dojo - 006,R1262
720,RNA_Dojo - 006|R1263,1.0,RNA_Dojo - 006,R1263
721,RNA_Dojo - 006|R1264,1.0,RNA_Dojo - 006,R1264
722,RNA_Dojo - 006|R1271,0.2,RNA_Dojo - 006,R1271
723,RNA_Dojo - 006|R1283v1,0.13333333333333333,RNA_Dojo - 006,R1283v1
724,RNA_Dojo - 006|R1286,0.047619047619047616,RNA_Dojo - 006,R1286
725,RNA_Dojo - 006|R1288,1.0,RNA_Dojo - 006,R1288
726,RNA_Dojo - 006|R1289,0.27999999999999997,RNA_Dojo - 006,R1289
727,RNA_Dojo - 006|R1291,0.05555555555555555,RNA_Dojo - 006,R1291
728,RNA_Dojo - 006|R1293,0.5,RNA_Dojo - 006,R1293
729,RNA_Dojo - 006|R1296,,RNA_Dojo - 006,R1296
730,RNApolis - 063|R1203,,RNApolis - 063,R1203
731,RNApolis - 063|R1205,0.16666666666666666,RNApolis - 063,R1205
732,RNApolis - 063|R1209,,RNApolis - 063,R1209
733,RNApolis - 063|R1211,0.0,RNApolis - 063,R1211
734,RNApolis - 063|R1212,,RNApolis - 063,R1212
735,RNApolis - 063|R1221s2,0.2777777777777778,RNApolis - 063,R1221s2
736,RNApolis - 063|R1221s3,,RNApolis - 063,R1221s3
737,RNApolis - 063|R1224s2,0.5428571428571428,RNApolis - 063,R1224s2
738,RNApolis - 063|R1224s3,1.0,RNApolis - 063,R1224s3
739,RNApolis - 063|R1241,0.6847222222222222,RNApolis - 063,R1241
740,RNApolis - 063|R1242,0.2333333333333333,RNApolis - 063,R1242
741,RNApolis - 063|R1248,0.06666666666666667,RNApolis - 063,R1248
742,RNApolis - 063|R1255,0.5555555555555555,RNApolis - 063,R1255
743,RNApolis - 063|R1256,0.3333333333333333,RNApolis - 063,R1256
744,RNApolis - 063|R1261,,RNApolis - 063,R1261
745,RNApolis - 063|R1262,,RNApolis - 063,R1262
746,RNApolis - 063|R1263,1.0,RNApolis - 063,R1263
747,RNApolis - 063|R1264,1.0,RNApolis - 063,R1264
748,RNApolis - 063|R1271,0.6,RNApolis - 063,R1271
749,RNApolis - 063|R1281,0.4782608695652174,RNApolis - 063,R1281
750,RNApolis - 063|R1283v1,0.3333333333333333,RNApolis - 063,R1283v1
751,RNApolis - 063|R1285,0.05714285714285715,RNApolis - 063,R1285
752,RNApolis - 063|R1286,0.08571428571428572,RNApolis - 063,R1286
753,RNApolis - 063|R1288,1.0,RNApolis - 063,R1288
754,RNApolis - 063|R1289,0.5444444444444445,RNApolis - 063,R1289
755,RNApolis - 063|R1290,0.8888888888888888,RNApolis - 063,R1290
756,RNApolis - 063|R1291,0.8650793650793651,RNApolis - 063,R1291
757,RNApolis - 063|R1293,1.0,RNApolis - 063,R1293
758,RNApolis - 063|R1296,,RNApolis - 063,R1296
759,SimRNA-server - S 094|R1203,,SimRNA-server - S 094,R1203
760,SimRNA-server - S 094|R1205,0.0,SimRNA-server - S 094,R1205
761,SimRNA-server - S 094|R1209,,SimRNA-server - S 094,R1209
762,SimRNA-server - S 094|R1211,0.0,SimRNA-server - S 094,R1211
763,SimRNA-server - S 094|R1212,,SimRNA-server - S 094,R1212
764,SimRNA-server - S 094|R1221s2,0.04938271604938272,SimRNA-server - S 094,R1221s2
765,SimRNA-server - S 094|R1221s3,,SimRNA-server - S 094,R1221s3
766,SimRNA-server - S 094|R1224s2,0.0,SimRNA-server - S 094,R1224s2
767,SimRNA-server - S 094|R1224s3,0.0,SimRNA-server - S 094,R1224s3
768,SimRNA-server - S 094|R1241,0.023809523809523808,SimRNA-server - S 094,R1241
769,SimRNA-server - S 094|R1242,0.0,SimRNA-server - S 094,R1242
770,SimRNA-server - S 094|R1248,0.0,SimRNA-server - S 094,R1248
771,SimRNA-server - S 094|R1250,0.07777777777777778,SimRNA-server - S 094,R1250
772,SimRNA-server - S 094|R1251,0.12244897959183673,SimRNA-server - S 094,R1251
773,SimRNA-server - S 094|R1255,0.6666666666666666,SimRNA-server - S 094,R1255
774,SimRNA-server - S 094|R1256,0.16666666666666666,SimRNA-server - S 094,R1256
775,SimRNA-server - S 094|R1261,,SimRNA-server - S 094,R1261
776,SimRNA-server - S 094|R1262,,SimRNA-server - S 094,R1262
777,SimRNA-server - S 094|R1263,0.0,SimRNA-server - S 094,R1263
778,SimRNA-server - S 094|R1264,0.0,SimRNA-server - S 094,R1264
779,SimRNA-server - S 094|R1285,0.21428571428571427,SimRNA-server - S 094,R1285
780,SimRNA-server - S 094|R1286,0.04081632653061224,SimRNA-server - S 094,R1286
781,SimRNA-server - S 094|R1288,1.0,SimRNA-server - S 094,R1288
782,SimRNA-server - S 094|R1290,0.023809523809523808,SimRNA-server - S 094,R1290
783,SimRNA-server - S 094|R1291,0.020833333333333332,SimRNA-server - S 094,R1291
784,SimRNA-server - S 094|R1293,0.5,SimRNA-server - S 094,R1293
785,SimRNA-server - S 094|R1296,,SimRNA-server - S 094,R1296
786,SoutheRNA - 156|R1203,,SoutheRNA - 156,R1203
787,SoutheRNA - 156|R1205,0.0,SoutheRNA - 156,R1205
788,SoutheRNA - 156|R1209,,SoutheRNA - 156,R1209
789,SoutheRNA - 156|R1211,0.0,SoutheRNA - 156,R1211
790,SoutheRNA - 156|R1212,,SoutheRNA - 156,R1212
791,SoutheRNA - 156|R1221s2,0.06878306878306878,SoutheRNA - 156,R1221s2
792,SoutheRNA - 156|R1221s3,,SoutheRNA - 156,R1221s3
793,SoutheRNA - 156|R1224s2,0.1142857142857143,SoutheRNA - 156,R1224s2
794,SoutheRNA - 156|R1224s3,0.6666666666666666,SoutheRNA - 156,R1224s3
795,SoutheRNA - 156|R1241,0.0753968253968254,SoutheRNA - 156,R1241
796,SoutheRNA - 156|R1242,0.0,SoutheRNA - 156,R1242
797,SoutheRNA - 156|R1248,0.0,SoutheRNA - 156,R1248
798,SoutheRNA - 156|R1250,0.05,SoutheRNA - 156,R1250
799,SoutheRNA - 156|R1251,0.278968253968254,SoutheRNA - 156,R1251
800,SoutheRNA - 156|R1252,0.0634920634920635,SoutheRNA - 156,R1252
801,SoutheRNA - 156|R1253v1,0.05555555555555555,SoutheRNA - 156,R1253v1
802,SoutheRNA - 156|R1253v2,0.05555555555555555,SoutheRNA - 156,R1253v2
803,SoutheRNA - 156|R1254,0.4305555555555555,SoutheRNA - 156,R1254
804,SoutheRNA - 156|R1255,0.6666666666666666,SoutheRNA - 156,R1255
805,SoutheRNA - 156|R1256,0.3333333333333333,SoutheRNA - 156,R1256
806,SoutheRNA - 156|R1261,,SoutheRNA - 156,R1261
807,SoutheRNA - 156|R1262,,SoutheRNA - 156,R1262
808,SoutheRNA - 156|R1263,1.0,SoutheRNA - 156,R1263
809,SoutheRNA - 156|R1264,1.0,SoutheRNA - 156,R1264
810,SoutheRNA - 156|R1271,0.2,SoutheRNA - 156,R1271
811,SoutheRNA - 156|R1281,0.29411764705882354,SoutheRNA - 156,R1281
812,SoutheRNA - 156|R1283v1,0.13333333333333333,SoutheRNA - 156,R1283v1
813,SoutheRNA - 156|R1285,0.2653061224489796,SoutheRNA - 156,R1285
814,SoutheRNA - 156|R1286,0.0,SoutheRNA - 156,R1286
815,SoutheRNA - 156|R1288,1.0,SoutheRNA - 156,R1288
816,SoutheRNA - 156|R1289,0.22261904761904758,SoutheRNA - 156,R1289
817,SoutheRNA - 156|R1290,0.17685185185185184,SoutheRNA - 156,R1290
818,SoutheRNA - 156|R1291,0.18353174603174605,SoutheRNA - 156,R1291
819,SoutheRNA - 156|R1293,0.5,SoutheRNA - 156,R1293
820,SoutheRNA - 156|R1296,,SoutheRNA - 156,R1296
821,Vfold - 481|R1203,,Vfold - 481,R1203
822,Vfold - 481|R1205,0.16666666666666666,Vfold - 481,R1205
823,Vfold - 481|R1209,,Vfold - 481,R1209
824,Vfold - 481|R1211,1.0,Vfold - 481,R1211
825,Vfold - 481|R1212,,Vfold - 481,R1212
826,Vfold - 481|R1221s2,0.42760942760942755,Vfold - 481,R1221s2
827,Vfold - 481|R1221s3,,Vfold - 481,R1221s3
828,Vfold - 481|R1224s2,0.7412698412698413,Vfold - 481,R1224s2
829,Vfold - 481|R1224s3,1.0,Vfold - 481,R1224s3
830,Vfold - 481|R1241,0.8680555555555555,Vfold - 481,R1241
831,Vfold - 481|R1242,0.36666666666666664,Vfold - 481,R1242
832,Vfold - 481|R1248,0.06666666666666667,Vfold - 481,R1248
833,Vfold - 481|R1250,0.2375,Vfold - 481,R1250
834,Vfold - 481|R1251,0.34637188208616776,Vfold - 481,R1251
835,Vfold - 481|R1252,0.3765432098765432,Vfold - 481,R1252
836,Vfold - 481|R1253v1,0.37592592592592594,Vfold - 481,R1253v1
837,Vfold - 481|R1253v2,0.38888888888888884,Vfold - 481,R1253v2
838,Vfold - 481|R1254,0.32539682539682535,Vfold - 481,R1254
839,Vfold - 481|R1255,0.3333333333333333,Vfold - 481,R1255
840,Vfold - 481|R1256,0.3333333333333333,Vfold - 481,R1256
841,Vfold - 481|R1261,,Vfold - 481,R1261
842,Vfold - 481|R1262,,Vfold - 481,R1262
843,Vfold - 481|R1263,1.0,Vfold - 481,R1263
844,Vfold - 481|R1264,1.0,Vfold - 481,R1264
845,Vfold - 481|R1271,1.0,Vfold - 481,R1271
846,Vfold - 481|R1281,0.33333333333333326,Vfold - 481,R1281
847,Vfold - 481|R1283v1,0.5333333333333333,Vfold - 481,R1283v1
848,Vfold - 481|R1285,0.2857142857142857,Vfold - 481,R1285
849,Vfold - 481|R1286,0.09285714285714286,Vfold - 481,R1286
850,Vfold - 481|R1288,0.5,Vfold - 481,R1288
851,Vfold - 481|R1289,0.8818181818181818,Vfold - 481,R1289
852,Vfold - 481|R1290,0.861111111111111,Vfold - 481,R1290
853,Vfold - 481|R1291,0.8630952380952381,Vfold - 481,R1291
854,Vfold - 481|R1293,0.5,Vfold - 481,R1293
855,Vfold - 481|R1296,,Vfold - 481,R1296
856,Yang-Multimer - S 456|R1203,,Yang-Multimer - S 456,R1203
857,Yang-Multimer - S 456|R1205,0.0,Yang-Multimer - S 456,R1205
858,Yang-Multimer - S 456|R1209,,Yang-Multimer - S 456,R1209
859,Yang-Multimer - S 456|R1211,0.0,Yang-Multimer - S 456,R1211
860,Yang-Multimer - S 456|R1212,,Yang-Multimer - S 456,R1212
861,Yang-Multimer - S 456|R1221s2,0.0873015873015873,Yang-Multimer - S 456,R1221s2
862,Yang-Multimer - S 456|R1221s3,,Yang-Multimer - S 456,R1221s3
863,Yang-Multimer - S 456|R1224s2,0.1142857142857143,Yang-Multimer - S 456,R1224s2
864,Yang-Multimer - S 456|R1224s3,0.6666666666666666,Yang-Multimer - S 456,R1224s3
865,Yang-Multimer - S 456|R1241,0.21388888888888888,Yang-Multimer - S 456,R1241
866,Yang-Multimer - S 456|R1242,0.26666666666666666,Yang-Multimer - S 456,R1242
867,Yang-Multimer - S 456|R1248,0.0,Yang-Multimer - S 456,R1248
868,Yang-Multimer - S 456|R1255,0.6666666666666666,Yang-Multimer - S 456,R1255
869,Yang-Multimer - S 456|R1256,0.16666666666666666,Yang-Multimer - S 456,R1256
870,Yang-Multimer - S 456|R1261,,Yang-Multimer - S 456,R1261
871,Yang-Multimer - S 456|R1262,,Yang-Multimer - S 456,R1262
872,Yang-Multimer - S 456|R1263,0.5,Yang-Multimer - S 456,R1263
873,Yang-Multimer - S 456|R1264,1.0,Yang-Multimer - S 456,R1264
874,Yang-Multimer - S 456|R1271,0.6,Yang-Multimer - S 456,R1271
875,Yang-Multimer - S 456|R1283v1,0.13333333333333333,Yang-Multimer - S 456,R1283v1
876,Yang-Multimer - S 456|R1286,0.03571428571428571,Yang-Multimer - S 456,R1286
877,Yang-Multimer - S 456|R1288,1.0,Yang-Multimer - S 456,R1288
878,Yang-Multimer - S 456|R1289,0.325,Yang-Multimer - S 456,R1289
879,Yang-Multimer - S 456|R1291,0.8474025974025974,Yang-Multimer - S 456,R1291
880,Yang-Multimer - S 456|R1293,0.5,Yang-Multimer - S 456,R1293
881,Yang-Multimer - S 456|R1296,,Yang-Multimer - S 456,R1296
882,Yang-Server - S 052|R1203,,Yang-Server - S 052,R1203
883,Yang-Server - S 052|R1205,0.0,Yang-Server - S 052,R1205
884,Yang-Server - S 052|R1209,,Yang-Server - S 052,R1209
885,Yang-Server - S 052|R1211,0.0,Yang-Server - S 052,R1211
886,Yang-Server - S 052|R1212,,Yang-Server - S 052,R1212
887,Yang-Server - S 052|R1221s2,0.8396788396788397,Yang-Server - S 052,R1221s2
888,Yang-Server - S 052|R1221s3,,Yang-Server - S 052,R1221s3
889,Yang-Server - S 052|R1224s2,0.6784580498866213,Yang-Server - S 052,R1224s2
890,Yang-Server - S 052|R1224s3,1.0,Yang-Server - S 052,R1224s3
891,Yang-Server - S 052|R1241,0.8791666666666668,Yang-Server - S 052,R1241
892,Yang-Server - S 052|R1242,0.31666666666666665,Yang-Server - S 052,R1242
893,Yang-Server - S 052|R1248,0.17777777777777778,Yang-Server - S 052,R1248
894,Yang-Server - S 052|R1250,0.16904761904761906,Yang-Server - S 052,R1250
895,Yang-Server - S 052|R1251,0.24646781789638933,Yang-Server - S 052,R1251
896,Yang-Server - S 052|R1252,0.5444444444444445,Yang-Server - S 052,R1252
897,Yang-Server - S 052|R1253v1,0.37592592592592594,Yang-Server - S 052,R1253v1
898,Yang-Server - S 052|R1253v2,0.37592592592592594,Yang-Server - S 052,R1253v2
899,Yang-Server - S 052|R1255,0.6666666666666666,Yang-Server - S 052,R1255
900,Yang-Server - S 052|R1256,0.0,Yang-Server - S 052,R1256
901,Yang-Server - S 052|R1261,,Yang-Server - S 052,R1261
902,Yang-Server - S 052|R1262,,Yang-Server - S 052,R1262
903,Yang-Server - S 052|R1263,1.0,Yang-Server - S 052,R1263
904,Yang-Server - S 052|R1264,1.0,Yang-Server - S 052,R1264
905,Yang-Server - S 052|R1271,0.5333333333333333,Yang-Server - S 052,R1271
906,Yang-Server - S 052|R1281,0.9545454545454546,Yang-Server - S 052,R1281
907,Yang-Server - S 052|R1283v1,0.4,Yang-Server - S 052,R1283v1
908,Yang-Server - S 052|R1285,0.2857142857142857,Yang-Server - S 052,R1285
909,Yang-Server - S 052|R1286,0.10389610389610389,Yang-Server - S 052,R1286
910,Yang-Server - S 052|R1288,1.0,Yang-Server - S 052,R1288
911,Yang-Server - S 052|R1289,0.9818181818181818,Yang-Server - S 052,R1289
912,Yang-Server - S 052|R1290,0.9074074074074074,Yang-Server - S 052,R1290
913,Yang-Server - S 052|R1291,0.9024470899470899,Yang-Server - S 052,R1291
914,Yang-Server - S 052|R1293,0.5,Yang-Server - S 052,R1293
915,Yang-Server - S 052|R1296,,Yang-Server - S 052,R1296
916,Zheng - 462|R1203,,Zheng - 462,R1203
917,Zheng - 462|R1205,0.0,Zheng - 462,R1205
918,Zheng - 462|R1209,,Zheng - 462,R1209
919,Zheng - 462|R1211,0.0,Zheng - 462,R1211
920,Zheng - 462|R1212,,Zheng - 462,R1212
921,Zheng - 462|R1221s2,0.0,Zheng - 462,R1221s2
922,Zheng - 462|R1221s3,,Zheng - 462,R1221s3
923,Zheng - 462|R1224s2,0.0,Zheng - 462,R1224s2
924,Zheng - 462|R1224s3,1.0,Zheng - 462,R1224s3
925,Zheng - 462|R1241,0.027777777777777776,Zheng - 462,R1241
926,Zheng - 462|R1242,0.0,Zheng - 462,R1242
927,Zheng - 462|R1248,0.0,Zheng - 462,R1248
928,Zheng - 462|R1250,0.16458333333333333,Zheng - 462,R1250
929,Zheng - 462|R1251,0.35293040293040295,Zheng - 462,R1251
930,Zheng - 462|R1252,0.5538258038258038,Zheng - 462,R1252
931,Zheng - 462|R1253v1,0.10500610500610501,Zheng - 462,R1253v1
932,Zheng - 462|R1253v2,0.25555555555555554,Zheng - 462,R1253v2
933,Zheng - 462|R1254,0.5555555555555556,Zheng - 462,R1254
934,Zheng - 462|R1255,0.6666666666666666,Zheng - 462,R1255
935,Zheng - 462|R1256,0.0,Zheng - 462,R1256
936,Zheng - 462|R1261,,Zheng - 462,R1261
937,Zheng - 462|R1262,,Zheng - 462,R1262
938,Zheng - 462|R1263,1.0,Zheng - 462,R1263
939,Zheng - 462|R1264,1.0,Zheng - 462,R1264
940,Zheng - 462|R1271,0.5333333333333333,Zheng - 462,R1271
941,Zheng - 462|R1281,0.3684210526315789,Zheng - 462,R1281
942,Zheng - 462|R1283v1,0.26666666666666666,Zheng - 462,R1283v1
943,Zheng - 462|R1285,0.2857142857142857,Zheng - 462,R1285
944,Zheng - 462|R1286,0.1753246753246753,Zheng - 462,R1286
945,Zheng - 462|R1288,1.0,Zheng - 462,R1288
946,Zheng - 462|R1289,0.9818181818181818,Zheng - 462,R1289
947,Zheng - 462|R1290,0.7946428571428572,Zheng - 462,R1290
948,Zheng - 462|R1291,0.9391534391534391,Zheng - 462,R1291
949,Zheng - 462|R1293,0.5,Zheng - 462,R1293
950,Zheng - 462|R1296,,Zheng - 462,R1296
951,dNAfold - 448|R1203,,dNAfold - 448,R1203
952,dNAfold - 448|R1205,0.0,dNAfold - 448,R1205
953,dNAfold - 448|R1209,,dNAfold - 448,R1209
954,dNAfold - 448|R1211,0.0,dNAfold - 448,R1211
955,dNAfold - 448|R1212,,dNAfold - 448,R1212
956,dNAfold - 448|R1221s2,0.14938271604938272,dNAfold - 448,R1221s2
957,dNAfold - 448|R1221s3,,dNAfold - 448,R1221s3
958,dNAfold - 448|R1224s2,0.05714285714285715,dNAfold - 448,R1224s2
959,dNAfold - 448|R1224s3,1.0,dNAfold - 448,R1224s3
960,dNAfold - 448|R1241,0.5296296296296297,dNAfold - 448,R1241
961,dNAfold - 448|R1242,0.06666666666666667,dNAfold - 448,R1242
962,dNAfold - 448|R1248,0.0,dNAfold - 448,R1248
963,dNAfold - 448|R1255,0.3333333333333333,dNAfold - 448,R1255
964,dNAfold - 448|R1256,0.26666666666666666,dNAfold - 448,R1256
965,dNAfold - 448|R1261,,dNAfold - 448,R1261
966,dNAfold - 448|R1262,,dNAfold - 448,R1262
967,dNAfold - 448|R1263,0.5,dNAfold - 448,R1263
968,dNAfold - 448|R1264,1.0,dNAfold - 448,R1264
969,dNAfold - 448|R1271,0.5333333333333333,dNAfold - 448,R1271
970,dNAfold - 448|R1281,0.33333333333333326,dNAfold - 448,R1281
971,dNAfold - 448|R1283v1,0.2,dNAfold - 448,R1283v1
972,dNAfold - 448|R1285,0.07142857142857142,dNAfold - 448,R1285
973,dNAfold - 448|R1286,0.047619047619047616,dNAfold - 448,R1286
974,dNAfold - 448|R1288,1.0,dNAfold - 448,R1288
975,dNAfold - 448|R1289,0.5166666666666666,dNAfold - 448,R1289
976,dNAfold - 448|R1290,0.2563131313131313,dNAfold - 448,R1290
977,dNAfold - 448|R1291,0.3972222222222222,dNAfold - 448,R1291
978,dNAfold - 448|R1293,0.5,dNAfold - 448,R1293
979,dNAfold - 448|R1296,,dNAfold - 448,R1296
980,dfr - 165|R1203,,dfr - 165,R1203
981,dfr - 165|R1205,0.0,dfr - 165,R1205
982,dfr - 165|R1209,,dfr - 165,R1209
983,dfr - 165|R1212,,dfr - 165,R1212
984,dfr - 165|R1221s2,0.467051467051467,dfr - 165,R1221s2
985,dfr - 165|R1221s3,,dfr - 165,R1221s3
986,dfr - 165|R1224s2,0.5459183673469388,dfr - 165,R1224s2
987,dfr - 165|R1224s3,1.0,dfr - 165,R1224s3
988,dfr - 165|R1241,0.26011904761904764,dfr - 165,R1241
989,dfr - 165|R1242,0.26666666666666666,dfr - 165,R1242
990,dfr - 165|R1255,0.5555555555555555,dfr - 165,R1255
991,dfr - 165|R1256,0.2222222222222222,dfr - 165,R1256
992,dfr - 165|R1261,,dfr - 165,R1261
993,dfr - 165|R1262,,dfr - 165,R1262
994,dfr - 165|R1263,0.5,dfr - 165,R1263
995,dfr - 165|R1264,1.0,dfr - 165,R1264
996,dfr - 165|R1281,0.0833333333333333,dfr - 165,R1281
997,dfr - 165|R1288,0.5,dfr - 165,R1288
998,dfr - 165|R1289,0.3714285714285714,dfr - 165,R1289
999,dfr - 165|R1290,0.2351190476190476,dfr - 165,R1290
1000,dfr - 165|R1291,0.3658730158730159,dfr - 165,R1291
1001,dfr - 165|R1293,0.5,dfr - 165,R1293
1002,dfr - 165|R1296,,dfr - 165,R1296
1003,elofsson - 241|R1203,,elofsson - 241,R1203
1004,elofsson - 241|R1205,0.0,elofsson - 241,R1205
1005,elofsson - 241|R1209,,elofsson - 241,R1209
1006,elofsson - 241|R1211,0.0,elofsson - 241,R1211
1007,elofsson - 241|R1212,,elofsson - 241,R1212
1008,elofsson - 241|R1221s2,0.829096829096829,elofsson - 241,R1221s2
1009,elofsson - 241|R1221s3,,elofsson - 241,R1221s3
1010,elofsson - 241|R1224s2,0.7641723356009071,elofsson - 241,R1224s2
1011,elofsson - 241|R1224s3,1.0,elofsson - 241,R1224s3
1012,elofsson - 241|R1241,0.8680555555555555,elofsson - 241,R1241
1013,elofsson - 241|R1242,0.25666666666666665,elofsson - 241,R1242
1014,elofsson - 241|R1248,0.3333333333333333,elofsson - 241,R1248
1015,elofsson - 241|R1250,0.14285714285714285,elofsson - 241,R1250
1016,elofsson - 241|R1251,0.47063492063492063,elofsson - 241,R1251
1017,elofsson - 241|R1252,0.5801790801790802,elofsson - 241,R1252
1018,elofsson - 241|R1253v1,0.2534188034188034,elofsson - 241,R1253v1
1019,elofsson - 241|R1253v2,0.32936507936507936,elofsson - 241,R1253v2
1020,elofsson - 241|R1254,0.5,elofsson - 241,R1254
1021,elofsson - 241|R1255,0.6666666666666666,elofsson - 241,R1255
1022,elofsson - 241|R1256,0.0,elofsson - 241,R1256
1023,elofsson - 241|R1261,,elofsson - 241,R1261
1024,elofsson - 241|R1262,,elofsson - 241,R1262
1025,elofsson - 241|R1263,1.0,elofsson - 241,R1263
1026,elofsson - 241|R1264,1.0,elofsson - 241,R1264
1027,elofsson - 241|R1271,0.5333333333333333,elofsson - 241,R1271
1028,elofsson - 241|R1281,0.26666666666666666,elofsson - 241,R1281
1029,elofsson - 241|R1283v1,0.36,elofsson - 241,R1283v1
1030,elofsson - 241|R1285,0.2653061224489796,elofsson - 241,R1285
1031,elofsson - 241|R1286,0.1753246753246753,elofsson - 241,R1286
1032,elofsson - 241|R1288,1.0,elofsson - 241,R1288
1033,elofsson - 241|R1289,0.9818181818181818,elofsson - 241,R1289
1034,elofsson - 241|R1290,0.8184523809523809,elofsson - 241,R1290
1035,elofsson - 241|R1291,0.9391534391534391,elofsson - 241,R1291
1036,elofsson - 241|R1293,0.5,elofsson - 241,R1293
1037,elofsson - 241|R1296,,elofsson - 241,R1296
1038,falcon2 - S 208|R1203,,falcon2 - S 208,R1203
1039,falcon2 - S 208|R1205,0.0,falcon2 - S 208,R1205
1040,falcon2 - S 208|R1209,,falcon2 - S 208,R1209
1041,falcon2 - S 208|R1211,0.0,falcon2 - S 208,R1211
1042,falcon2 - S 208|R1212,,falcon2 - S 208,R1212
1043,falcon2 - S 208|R1221s2,0.8978798978798979,falcon2 - S 208,R1221s2
1044,falcon2 - S 208|R1221s3,,falcon2 - S 208,R1221s3
1045,falcon2 - S 208|R1224s2,0.7022675736961451,falcon2 - S 208,R1224s2
1046,falcon2 - S 208|R1224s3,1.0,falcon2 - S 208,R1224s3
1047,falcon2 - S 208|R1241,0.8513888888888889,falcon2 - S 208,R1241
1048,falcon2 - S 208|R1242,0.35666666666666663,falcon2 - S 208,R1242
1049,falcon2 - S 208|R1248,0.1111111111111111,falcon2 - S 208,R1248
1050,falcon2 - S 208|R1250,0.13680555555555557,falcon2 - S 208,R1250
1051,falcon2 - S 208|R1252,0.4867724867724868,falcon2 - S 208,R1252
1052,falcon2 - S 208|R1253v1,0.3333333333333333,falcon2 - S 208,R1253v1
1053,falcon2 - S 208|R1253v2,0.3194444444444444,falcon2 - S 208,R1253v2
1054,falcon2 - S 208|R1255,0.6666666666666666,falcon2 - S 208,R1255
1055,falcon2 - S 208|R1256,0.0,falcon2 - S 208,R1256
1056,falcon2 - S 208|R1261,,falcon2 - S 208,R1261
1057,falcon2 - S 208|R1262,,falcon2 - S 208,R1262
1058,falcon2 - S 208|R1263,0.5,falcon2 - S 208,R1263
1059,falcon2 - S 208|R1264,1.0,falcon2 - S 208,R1264
1060,falcon2 - S 208|R1271,0.5333333333333333,falcon2 - S 208,R1271
1061,falcon2 - S 208|R1281,0.3125,falcon2 - S 208,R1281
1062,falcon2 - S 208|R1283v1,0.3,falcon2 - S 208,R1283v1
1063,falcon2 - S 208|R1285,0.2653061224489796,falcon2 - S 208,R1285
1064,falcon2 - S 208|R1286,0.10389610389610389,falcon2 - S 208,R1286
1065,falcon2 - S 208|R1288,1.0,falcon2 - S 208,R1288
1066,falcon2 - S 208|R1289,0.9818181818181818,falcon2 - S 208,R1289
1067,falcon2 - S 208|R1290,0.8617216117216118,falcon2 - S 208,R1290
1068,falcon2 - S 208|R1291,0.9298941798941799,falcon2 - S 208,R1291
1069,falcon2 - S 208|R1293,0.5,falcon2 - S 208,R1293
1070,falcon2 - S 208|R1296,,falcon2 - S 208,R1296
1071,isyslab-hust - 235|R1203,,isyslab-hust - 235,R1203
1072,isyslab-hust - 235|R1205,0.0,isyslab-hust - 235,R1205
1073,isyslab-hust - 235|R1209,,isyslab-hust - 235,R1209
1074,isyslab-hust - 235|R1211,0.0,isyslab-hust - 235,R1211
1075,isyslab-hust - 235|R1212,,isyslab-hust - 235,R1212
1076,isyslab-hust - 235|R1221s2,0.6801346801346801,isyslab-hust - 235,R1221s2
1077,isyslab-hust - 235|R1221s3,,isyslab-hust - 235,R1221s3
1078,isyslab-hust - 235|R1224s2,0.6308390022675737,isyslab-hust - 235,R1224s2
1079,isyslab-hust - 235|R1224s3,1.0,isyslab-hust - 235,R1224s3
1080,isyslab-hust - 235|R1241,0.8587962962962963,isyslab-hust - 235,R1241
1081,isyslab-hust - 235|R1242,0.20666666666666664,isyslab-hust - 235,R1242
1082,isyslab-hust - 235|R1248,0.2619047619047619,isyslab-hust - 235,R1248
1083,isyslab-hust - 235|R1250,0.17708333333333331,isyslab-hust - 235,R1250
1084,isyslab-hust - 235|R1251,0.40238095238095234,isyslab-hust - 235,R1251
1085,isyslab-hust - 235|R1252,0.4387464387464387,isyslab-hust - 235,R1252
1086,isyslab-hust - 235|R1253v1,0.3173076923076923,isyslab-hust - 235,R1253v1
1087,isyslab-hust - 235|R1253v2,0.3173076923076923,isyslab-hust - 235,R1253v2
1088,isyslab-hust - 235|R1255,0.3333333333333333,isyslab-hust - 235,R1255
1089,isyslab-hust - 235|R1256,0.0,isyslab-hust - 235,R1256
1090,isyslab-hust - 235|R1261,,isyslab-hust - 235,R1261
1091,isyslab-hust - 235|R1262,,isyslab-hust - 235,R1262
1092,isyslab-hust - 235|R1263,0.5,isyslab-hust - 235,R1263
1093,isyslab-hust - 235|R1264,1.0,isyslab-hust - 235,R1264
1094,isyslab-hust - 235|R1271,0.5333333333333333,isyslab-hust - 235,R1271
1095,isyslab-hust - 235|R1281,0.8529411764705882,isyslab-hust - 235,R1281
1096,isyslab-hust - 235|R1283v1,0.26666666666666666,isyslab-hust - 235,R1283v1
1097,isyslab-hust - 235|R1285,0.38095238095238093,isyslab-hust - 235,R1285
1098,isyslab-hust - 235|R1286,0.15934065934065936,isyslab-hust - 235,R1286
1099,isyslab-hust - 235|R1288,1.0,isyslab-hust - 235,R1288
1100,isyslab-hust - 235|R1289,0.9818181818181818,isyslab-hust - 235,R1289
1101,isyslab-hust - 235|R1290,0.7873168498168498,isyslab-hust - 235,R1290
1102,isyslab-hust - 235|R1291,0.9391534391534391,isyslab-hust - 235,R1291
1103,isyslab-hust - 235|R1293,0.5,isyslab-hust - 235,R1293
1104,isyslab-hust - 235|R1296,,isyslab-hust - 235,R1296
1105,kiharalab_server - S 267|R1203,,kiharalab_server - S 267,R1203
1106,kiharalab_server - S 267|R1205,0.0,kiharalab_server - S 267,R1205
1107,kiharalab_server - S 267|R1209,,kiharalab_server - S 267,R1209
1108,kiharalab_server - S 267|R1211,0.0,kiharalab_server - S 267,R1211
1109,kiharalab_server - S 267|R1212,,kiharalab_server - S 267,R1212
1110,kiharalab_server - S 267|R1221s2,0.0,kiharalab_server - S 267,R1221s2
1111,kiharalab_server - S 267|R1221s3,,kiharalab_server - S 267,R1221s3
1112,kiharalab_server - S 267|R1224s2,0.0,kiharalab_server - S 267,R1224s2
1113,kiharalab_server - S 267|R1224s3,1.0,kiharalab_server - S 267,R1224s3
1114,kiharalab_server - S 267|R1241,0.0,kiharalab_server - S 267,R1241
1115,kiharalab_server - S 267|R1242,0.0,kiharalab_server - S 267,R1242
1116,kiharalab_server - S 267|R1248,0.0,kiharalab_server - S 267,R1248
1117,kiharalab_server - S 267|R1255,0.5555555555555555,kiharalab_server - S 267,R1255
1118,kiharalab_server - S 267|R1256,0.16666666666666666,kiharalab_server - S 267,R1256
1119,kiharalab_server - S 267|R1261,,kiharalab_server - S 267,R1261
1120,kiharalab_server - S 267|R1262,,kiharalab_server - S 267,R1262
1121,kiharalab_server - S 267|R1263,0.5,kiharalab_server - S 267,R1263
1122,kiharalab_server - S 267|R1264,1.0,kiharalab_server - S 267,R1264
1123,kiharalab_server - S 267|R1271,0.6,kiharalab_server - S 267,R1271
1124,kiharalab_server - S 267|R1281,0.26666666666666666,kiharalab_server - S 267,R1281
1125,kiharalab_server - S 267|R1283v1,0.2,kiharalab_server - S 267,R1283v1
1126,kiharalab_server - S 267|R1285,0.07142857142857142,kiharalab_server - S 267,R1285
1127,kiharalab_server - S 267|R1286,0.047619047619047616,kiharalab_server - S 267,R1286
1128,kiharalab_server - S 267|R1288,1.0,kiharalab_server - S 267,R1288
1129,kiharalab_server - S 267|R1289,0.13999999999999999,kiharalab_server - S 267,R1289
1130,kiharalab_server - S 267|R1290,0.0,kiharalab_server - S 267,R1290
1131,kiharalab_server - S 267|R1291,0.0,kiharalab_server - S 267,R1291
1132,kiharalab_server - S 267|R1293,0.5,kiharalab_server - S 267,R1293
1133,kiharalab_server - S 267|R1296,,kiharalab_server - S 267,R1296
1134,thermomaps - 169|R1203,,thermomaps - 169,R1203
1135,thermomaps - 169|R1205,0.0,thermomaps - 169,R1205
1136,thermomaps - 169|R1209,,thermomaps - 169,R1209
1137,thermomaps - 169|R1211,0.0,thermomaps - 169,R1211
1138,thermomaps - 169|R1212,,thermomaps - 169,R1212
1139,thermomaps - 169|R1221s2,0.0,thermomaps - 169,R1221s2
1140,thermomaps - 169|R1221s3,,thermomaps - 169,R1221s3
1141,thermomaps - 169|R1224s2,0.0,thermomaps - 169,R1224s2
1142,thermomaps - 169|R1224s3,0.0,thermomaps - 169,R1224s3
1143,thermomaps - 169|R1241,0.0,thermomaps - 169,R1241
1144,thermomaps - 169|R1242,0.0,thermomaps - 169,R1242
1145,thermomaps - 169|R1248,0.0,thermomaps - 169,R1248
1146,thermomaps - 169|R1250,0.0,thermomaps - 169,R1250
1147,thermomaps - 169|R1251,0.0,thermomaps - 169,R1251
1148,thermomaps - 169|R1255,0.0,thermomaps - 169,R1255
1149,thermomaps - 169|R1256,0.0,thermomaps - 169,R1256
1150,thermomaps - 169|R1261,,thermomaps - 169,R1261
1151,thermomaps - 169|R1262,,thermomaps - 169,R1262
1152,thermomaps - 169|R1263,0.0,thermomaps - 169,R1263
1153,thermomaps - 169|R1264,0.0,thermomaps - 169,R1264
1154,thermomaps - 169|R1271,0.0,thermomaps - 169,R1271
1155,thermomaps - 169|R1283v1,0.0,thermomaps - 169,R1283v1
1156,thermomaps - 169|R1286,0.0,thermomaps - 169,R1286
1157,thermomaps - 169|R1289,0.0,thermomaps - 169,R1289
1158,thermomaps - 169|R1291,0.0,thermomaps - 169,R1291
1159,thermomaps - 169|R1293,0.0,thermomaps - 169,R1293
1160,thermomaps - 169|R1296,,thermomaps - 169,R1296
